SO,edo,niv,ts,GA,P,T,TG,TC,PG,PC
ASF,Federal,Federal,Legislativo,0.5054,0.333,0.6778,0.5556,0.8,0.466,0.2
Aguascalientes-Aguascalientes,Aguascalientes,Municipal,Municipio,0.3581,0.1,0.6163,0.7033,0.5292,0,0.2
Aguascalientes-Asociacion De Catedraticos E Investigadores De La Universidad Autonoma De Aguascalientes (Aciuaa),Aguascalientes,Estatal,Sindicato,0.1167,0.1,0.1333,0.2667,0,0,0.2
Aguascalientes-Auditoria Estatal,Aguascalientes,Estatal,Legislativo,0.353,0.25,0.456,0.5244,0.3875,0,0.5
Aguascalientes-Calvillo,Aguascalientes,Municipal,Municipio,0.5065,0.366,0.6471,0.4858,0.8083,0.6,0.132
Aguascalientes-Congreso Estatal,Aguascalientes,Estatal,Legislativo,0.5676,0.5667,0.5685,0.6244,0.5125,0.2,0.9333
Aguascalientes-DIF,Aguascalientes,Estatal,Ejecutivo estatal,0.2715,0.1,0.4429,0.6025,0.2833,0,0.2
Aguascalientes-El Llano,Aguascalientes,Municipal,Municipio,0.4514,0.266,0.6368,0.4819,0.7917,0.4,0.132
Aguascalientes-Fideicomiso Fondo De Fomento Agropecuario Del Estado De Aguascalientes,Aguascalientes,Estatal,Fideicomiso,0.306,0.1,0.5121,0.47,0.5542,0,0.2
Aguascalientes-Fondo De Desastres Naturales Del Estado De Aguascalientes,Aguascalientes,Estatal,Fideicomiso,0.2927,0.1,0.4854,0.3667,0.6042,0,0.2
Aguascalientes-Gobernador,Aguascalientes,Estatal,Ejecutivo estatal,0.3938,0.1,0.6875,0.5792,0.7958,0,0.2
Aguascalientes-Instituto Electoral,Aguascalientes,Estatal,Autonomo,0.6174,0.55,0.6847,0.5778,0.7917,0.6,0.5
Aguascalientes-Jesus Maria,Aguascalientes,Municipal,Municipio,0.6705,0.583,0.7581,0.6953,0.8208,0.966,0.2
Aguascalientes-PES,Aguascalientes,Estatal,Partido,0.033,0.066,0,0,0,0,0.132
Aguascalientes-PMC,Aguascalientes,Estatal,Partido,0.075,0.1,0.05,0.1,0,0,0.2
Aguascalientes-PRI,Aguascalientes,Estatal,Partido,0.2413,0.4327,0.05,0.1,0,0,0.8653
Aguascalientes-San Francisco de los Romo,Aguascalientes,Municipal,Municipio,0.6205,0.65,0.591,0.4528,0.7292,0.3,1
Aguascalientes-Secretaria de Agricultura,Aguascalientes,Estatal,Ejecutivo estatal,0.459,0.216,0.7019,0.5872,0.8167,0,0.432
Aguascalientes-Secretaria de Desarrollo Social,Aguascalientes,Estatal,Ejecutivo estatal,0.5446,0.316,0.7732,0.7381,0.8083,0.5,0.132
Aguascalientes-Secretaria de Educacion,Aguascalientes,Estatal,Ejecutivo estatal,0.4882,0.5,0.4764,0.5153,0.4375,0,1
Aguascalientes-Secretaria de Gobierno,Aguascalientes,Estatal,Ejecutivo estatal,0.5785,0.45,0.7071,0.61,0.8042,0.4,0.5
Aguascalientes-Secretaria de Hacienda,Aguascalientes,Estatal,Ejecutivo estatal,0.6165,0.5,0.7331,0.6453,0.8208,0,1
Aguascalientes-Secretaria de Salud,Aguascalientes,Estatal,Ejecutivo estatal,0.7765,0.833,0.72,0.59,0.85,0.666,1
Aguascalientes-Secretaria de Seguridad,Aguascalientes,Estatal,Ejecutivo estatal,0.6705,0.7667,0.5743,0.6319,0.5167,0.6,0.9333
Aguascalientes-Sindicato unico De Trabajadores Estatales Y Municipales Del Estado De Aguascalientes (Sutema),Aguascalientes,Estatal,Sindicato,0,0,0,0,0,0,0
Aguascalientes-Tribunal Superior De Justicia,Aguascalientes,Estatal,Judicial,0.5528,0.466,0.6396,0.5292,0.75,0,0.932
Aguascalientes-Universidad Autonoma De Aguascalientes,Aguascalientes,Estatal,Universidad,0.5974,0.6667,0.5282,0.5231,0.5333,0.4,0.9333
Aguascalientes-Universidad Politecnica De Aguascalientes,Aguascalientes,Estatal,Universidad,0.3574,0.216,0.4987,0.485,0.5125,0,0.432
Baja California Sur-Auditoria Estatal,Baja California Sur,Estatal,Legislativo,0.2017,0.25,0.1533,0.3067,0,0,0.5
Baja California Sur-Comondu,Baja California Sur,Municipal,Municipio,0.6524,0.8,0.5047,0.5428,0.4667,0.6,1
Baja California Sur-Congreso Estatal,Baja California Sur,Estatal,Legislativo,0.5149,0.366,0.6638,0.5025,0.825,0.6,0.132
Baja California Sur-DIF,Baja California Sur,Estatal,Ejecutivo estatal,0.2367,0.1,0.3733,0.705,0.0417,0,0.2
Baja California Sur-Fideicomiso De Turismo Estatal,Baja California Sur,Estatal,Fideicomiso,0.2708,0.1,0.4417,0.1,0.7833,0,0.2
Baja California Sur-Fondo Auxiliar Para La Administracion De Justicia,Baja California Sur,Estatal,Fideicomiso,0.2813,0.2,0.3625,0.1,0.625,0.4,0
Baja California Sur-Gobernador,Baja California Sur,Estatal,Ejecutivo estatal,0.4569,0.4,0.5138,0.4775,0.55,0.3,0.5
Baja California Sur-Instituto Electoral,Baja California Sur,Estatal,Autonomo,0.4923,0.216,0.7686,0.7497,0.7875,0.3,0.132
Baja California Sur-Instituto TecnologicoDe La Paz,Baja California Sur,Estatal,Universidad,0.0667,0.1,0.0333,0.0667,0,0,0.2
Baja California Sur-La Paz,Baja California Sur,Municipal,Municipio,0.424,0.066,0.7821,0.7267,0.8375,0,0.132
Baja California Sur-Loreto,Baja California Sur,Municipal,Municipio,0.3522,0.1,0.6044,0.4631,0.7458,0,0.2
Baja California Sur-Los Cabos,Baja California Sur,Municipal,Municipio,0.4966,0.566,0.4272,0.5294,0.325,1,0.132
Baja California Sur-Mulege,Baja California Sur,Municipal,Municipio,0.2806,0.216,0.3451,0.3069,0.3833,0,0.432
Baja California Sur-PES,Baja California Sur,Estatal,Partido,0.0917,0,0.1833,0.3667,0,0,0
Baja California Sur-PMC,Baja California Sur,Estatal,Partido,0.1,0.1,0.1,0.2,0,0,0.2
Baja California Sur-PRI,Baja California Sur,Estatal,Partido,0.2747,0.466,0.0833,0.1667,0,0,0.932
Baja California Sur-Secretaria de Agricultura,Baja California Sur,Estatal,Ejecutivo estatal,0.5564,0.449,0.6637,0.49,0.8375,0.466,0.432
Baja California Sur-Secretaria de Desarrollo Social,Baja California Sur,Estatal,Ejecutivo estatal,0.3469,0.183,0.5108,0.3967,0.625,0.3,0.066
Baja California Sur-Secretaria de Educacion,Baja California Sur,Estatal,Ejecutivo estatal,0.5271,0.433,0.6213,0.5009,0.7417,0.666,0.2
Baja California Sur-Secretaria de Gobierno,Baja California Sur,Estatal,Ejecutivo estatal,0.5583,0.4,0.7166,0.5748,0.8583,0.3,0.5
Baja California Sur-Secretaria de Hacienda,Baja California Sur,Estatal,Ejecutivo estatal,0.3656,0.033,0.6982,0.5631,0.8333,0,0.066
Baja California Sur-Secretaria de Salud,Baja California Sur,Estatal,Ejecutivo estatal,0.7297,0.7657,0.6938,0.5833,0.8042,0.666,0.8653
Baja California Sur-Secretaria de Seguridad,Baja California Sur,Estatal,Ejecutivo estatal,0.2813,0.1,0.4625,0.55,0.375,0,0.2
Baja California Sur-Sindicato Nacional De Trabajadores De La Educacion (SNTE),Baja California Sur,Estatal,Sindicato,0.158,0.216,0.1,0.2,0,0,0.432
"Baja California Sur-Sindicato Unico De Trabajadores Al Servicio De Los Poderes Del Estado, Municipios E Insttuciones Descentralizadas De Baja California Sur (Sutspemidbcs)",Baja California Sur,Estatal,Sindicato,0.0747,0.066,0.0833,0.1667,0,0,0.132
Baja California Sur-Tribunal Superior De Justicia,Baja California Sur,Estatal,Judicial,0.4104,0.1,0.7208,0.5833,0.8583,0,0.2
Baja California Sur-Universidad Autonoma De Baja California Sur,Baja California Sur,Estatal,Universidad,0.2181,0.066,0.3701,0.3028,0.4375,0,0.132
Baja California-Auditoria Estatal,Baja California,Estatal,Legislativo,0.6308,0.516,0.7457,0.6914,0.8,0.6,0.432
Baja California-Congreso Estatal,Baja California,Estatal,Legislativo,0.6649,0.6167,0.7132,0.6556,0.7708,0.3,0.9333
Baja California-DIF,Baja California,Estatal,Ejecutivo estatal,0.5358,0.366,0.7056,0.6819,0.7292,0.6,0.132
Baja California-Ensenada,Baja California,Municipal,Municipio,0.7568,0.733,0.7806,0.5986,0.9625,0.966,0.5
Baja California-Fideicomiso Empresarial Del Estado De Baja California,Baja California,Estatal,Fideicomiso,0.1,0.1,0.1,0.2,0,0,0.2
Baja California-Fideicomiso Publico Para La. Promocion Turistica De Tijuana,Baja California,Estatal,Fideicomiso,0.0497,0.066,0.0333,0.0667,0,0,0.132
Baja California-Gobernador,Baja California,Estatal,Ejecutivo estatal,0.3934,0.1,0.6868,0.4569,0.9167,0,0.2
Baja California-Instituto Electoral,Baja California,Estatal,Autonomo,0.425,0.066,0.784,0.6972,0.8708,0,0.132
Baja California-Mexicali,Baja California,Municipal,Municipio,0.7321,0.7997,0.6646,0.5542,0.775,0.666,0.9333
Baja California-PES,Baja California,Estatal,Partido,0.0917,0.1,0.0833,0.1667,0,0,0.2
Baja California-PMC,Baja California,Estatal,Partido,0.126,0.1,0.1521,0.3042,0,0,0.2
Baja California-PRI,Baja California,Estatal,Partido,0.083,0.066,0.1,0.2,0,0,0.132
Baja California-Playas de Rosarito,Baja California,Municipal,Municipio,0.4825,0.583,0.3819,0.3514,0.4125,0.966,0.2
Baja California-Secretaria de Agricultura,Baja California,Estatal,Ejecutivo estatal,0.556,0.5,0.6121,0.6825,0.5417,0.5,0.5
Baja California-Secretaria de Desarrollo Social,Baja California,Estatal,Ejecutivo estatal,0.4338,0.1,0.7676,0.7269,0.8083,0,0.2
Baja California-Secretaria de Educacion,Baja California,Estatal,Ejecutivo estatal,0.3863,0.066,0.7065,0.6839,0.7292,0,0.132
Baja California-Secretaria de Gobierno,Baja California,Estatal,Ejecutivo estatal,0.4681,0.2,0.7361,0.6806,0.7917,0.2,0.2
Baja California-Secretaria de Hacienda,Baja California,Estatal,Ejecutivo estatal,0.5953,0.416,0.7746,0.6325,0.9167,0.7,0.132
Baja California-Secretaria de Salud,Baja California,Estatal,Ejecutivo estatal,0.6353,0.5325,0.7382,0.6806,0.7958,0.633,0.432
Baja California-Secretaria de Seguridad,Baja California,Estatal,Ejecutivo estatal,0.6653,0.5325,0.7982,0.6797,0.9167,0.633,0.432
Baja California-Sindicato Estatal De Trabajadores De La Educacion De Baja California.,Baja California,Estatal,Sindicato,0.0665,0.033,0.1,0.2,0,0,0.066
Baja California-Sindicato Estatal De Trabajadores Universitarios,Baja California,Estatal,Sindicato,0.183,0.216,0.15,0.3,0,0,0.432
Baja California-Tecate,Baja California,Municipal,Municipio,0.5433,0.6825,0.4042,0.325,0.4833,0.933,0.432
Baja California-Tijuana,Baja California,Municipal,Municipio,0.3293,0.066,0.5925,0.6433,0.5417,0,0.132
Baja California-Tribunal Superior De Justicia,Baja California,Estatal,Judicial,0.4129,0.1,0.7258,0.5475,0.9042,0,0.2
Baja California-Universidad Autonoma Del Estado De Baja California,Baja California,Estatal,Universidad,0.5698,0.466,0.6736,0.7431,0.6042,0,0.932
Baja California-Universidad De Baja California,Baja California,Estatal,Universidad,0.108,0.066,0.15,0.3,0,0,0.132
Banco de Mexico,Federal,Federal,Autonomo,0.3699,0.033,0.7067,0.5842,0.8292,0,0.066
Campeche-Auditoria Estatal,Campeche,Estatal,Legislativo,0.4042,0.1,0.7083,0.7,0.7167,0,0.2
Campeche-Calakmul,Campeche,Municipal,Municipio,0.1012,0.033,0.1694,0.3389,0,0,0.066
Campeche-Candelaria,Campeche,Municipal,Municipio,0.3399,0.1,0.5799,0.5972,0.5625,0,0.2
Campeche-Carmen,Campeche,Municipal,Municipio,0.5899,0.4,0.7799,0.7639,0.7958,0.6,0.2
Campeche-Champoton,Campeche,Municipal,Municipio,0.4442,0.25,0.6385,0.5686,0.7083,0.3,0.2
Campeche-Congreso Estatal,Campeche,Estatal,Legislativo,0.7549,0.8167,0.6931,0.6194,0.7667,0.7,0.9333
Campeche-DIF,Campeche,Estatal,Ejecutivo estatal,0.3565,0.1,0.6131,0.4803,0.7458,0,0.2
Campeche-El Fideicomiso Del 2% Sobre Nomina Del Estado,Campeche,Estatal,Fideicomiso,0.0759,0.066,0.0858,0.1717,0,0,0.132
Campeche-Fideicomiso Estatal Del Programa De Escuelas De Calidad,Campeche,Estatal,Fideicomiso,0,0,0,0,0,0,0
Campeche-Gobernador,Campeche,Estatal,Ejecutivo estatal,0.5583,0.42,0.6966,0.6682,0.725,0,0.84
Campeche-Instituto Electoral,Campeche,Estatal,Autonomo,0.6622,0.6,0.7244,0.7114,0.7375,1,0.2
Campeche-PES,Campeche,Estatal,Partido,0.2937,0,0.5873,0.4497,0.725,0,0
Campeche-PMC,Campeche,Estatal,Partido,0.075,0.1,0.05,0.1,0,0,0.2
Campeche-PRI,Campeche,Estatal,Partido,0.3507,0.1,0.6014,0.5361,0.6667,0,0.2
Campeche-San Francisco de Campeche,Campeche,Municipal,Municipio,0.1773,0.25,0.1045,0.2091,0,0,0.5
Campeche-Secretaria de Agricultura,Campeche,Estatal,Ejecutivo estatal,0.4258,0.1,0.7516,0.5406,0.9625,0,0.2
Campeche-Secretaria de Desarrollo Social,Campeche,Estatal,Ejecutivo estatal,0.459,0.216,0.7019,0.6706,0.7333,0,0.432
Campeche-Secretaria de Educacion,Campeche,Estatal,Ejecutivo estatal,0.5285,0.316,0.741,0.6319,0.85,0.5,0.132
Campeche-Secretaria de Gobierno,Campeche,Estatal,Ejecutivo estatal,0.4562,0.166,0.7464,0.7303,0.7625,0.2,0.132
Campeche-Secretaria de Hacienda,Campeche,Estatal,Ejecutivo estatal,0.3183,0.066,0.5706,0.6703,0.4708,0,0.132
Campeche-Secretaria de Salud,Campeche,Estatal,Ejecutivo estatal,0.445,0.216,0.6739,0.5603,0.7875,0,0.432
Campeche-Secretaria de Seguridad,Campeche,Estatal,Ejecutivo estatal,0.3706,0.216,0.5251,0.5753,0.475,0,0.432
Campeche-Sindicato unico De Trabajadores Del Colegio De Estudios Cientificos Y Tecnologicos Del Estado De Campeche,Campeche,Estatal,Sindicato,0.2705,0.066,0.475,0.2,0.75,0,0.132
Campeche-Sindicato unico De Trabajadores Del Gobierno Del Estado Al Servicio De La Educacion.,Campeche,Estatal,Sindicato,0.075,0.1,0.05,0.1,0,0,0.2
Campeche-Tribunal Superior De Justicia,Campeche,Estatal,Judicial,0.5024,0.299,0.7058,0.5617,0.85,0.466,0.132
Campeche-Universidad Tecnologica De Calakmul,Campeche,Estatal,Universidad,0.4826,0.25,0.7153,0.5889,0.8417,0,0.5
Campeche-Universidad Tecnologica De Campeche,Campeche,Estatal,Universidad,0.4529,0.5,0.4058,0.545,0.2667,0,1
Chiapas-Auditoria Estatal,Chiapas,Estatal,Legislativo,0.5313,0.35,0.7125,0.6,0.825,0.5,0.2
Chiapas-Congreso Estatal,Chiapas,Estatal,Legislativo,0.4781,0.366,0.5903,0.5139,0.6667,0.6,0.132
Chiapas-DIF,Chiapas,Estatal,Ejecutivo estatal,0.549,0.5,0.5979,0.525,0.6708,0,1
Chiapas-Fideicomiso Para El Desarrollo Industrial Del Estado De Chiapas,Chiapas,Estatal,Fideicomiso,0.1154,0,0.2308,0.2033,0.2583,0,0
"Chiapas-Fideicomiso Publico Irrevocable De Inversion, Administracion Y Fuente Alterna De Pago",Chiapas,Estatal,Fideicomiso,0.1904,0.1,0.2808,0.3033,0.2583,0,0.2
Chiapas-Gobernador,Chiapas,Estatal,Ejecutivo estatal,0.3997,0.216,0.5833,0.525,0.6417,0,0.432
Chiapas-Instituto Electoral,Chiapas,Estatal,Autonomo,0.4479,0.216,0.6799,0.6139,0.7458,0.3,0.132
Chiapas-Maravilla Tenejapa,Chiapas,Municipal,Municipio,0.2087,0.25,0.1674,0.3347,0,0,0.5
Chiapas-PES,Chiapas,Estatal,Partido,0.1484,0.066,0.2308,0.2033,0.2583,0,0.132
Chiapas-PMC,Chiapas,Estatal,Partido,0.1828,0.1,0.2656,0.2728,0.2583,0,0.2
Chiapas-PRI,Chiapas,Estatal,Partido,0.4074,0.166,0.6488,0.4642,0.8333,0.2,0.132
Chiapas-San Andres Duraznal,Chiapas,Municipal,Municipio,0.2087,0.25,0.1674,0.3347,0,0,0.5
Chiapas-Secretaria de Agricultura,Chiapas,Estatal,Ejecutivo estatal,0.5615,0.4333,0.6896,0.6125,0.7667,0,0.8667
Chiapas-Secretaria de Desarrollo Social,Chiapas,Estatal,Ejecutivo estatal,0.6653,0.65,0.6806,0.5986,0.7625,0.3,1
Chiapas-Secretaria de Educacion,Chiapas,Estatal,Ejecutivo estatal,0.3854,0.066,0.7047,0.5803,0.8292,0,0.132
Chiapas-Secretaria de Gobierno,Chiapas,Estatal,Ejecutivo estatal,0.3222,0.066,0.5785,0.5903,0.5667,0,0.132
Chiapas-Secretaria de Hacienda,Chiapas,Estatal,Ejecutivo estatal,0.2878,0.1,0.4756,0.5303,0.4208,0,0.2
Chiapas-Secretaria de Salud,Chiapas,Estatal,Ejecutivo estatal,0.3232,0.1,0.5464,0.5636,0.5292,0,0.2
Chiapas-Secretaria de Seguridad,Chiapas,Estatal,Ejecutivo estatal,0.7727,0.849,0.6964,0.6136,0.7792,0.698,1
Chiapas-Sindicato De Personal Academico De La Universidad Autonoma De Chiapas,Chiapas,Estatal,Sindicato,0.1651,0.066,0.2642,0.27,0.2583,0,0.132
Chiapas-Sindicato De Trabajadores De Salud Del Estado De Chiapas,Chiapas,Estatal,Sindicato,0.1821,0.066,0.2982,0.3381,0.2583,0,0.132
Chiapas-Tribunal Superior De Justicia,Chiapas,Estatal,Judicial,0.2168,0.066,0.3675,0.5267,0.2083,0,0.132
Chiapas-Tuxtla Gutierrez,Chiapas,Municipal,Municipio,0.3979,0.25,0.5458,0.6333,0.4583,0,0.5
Chiapas-Universidad Autonoma De Chiapas,Chiapas,Estatal,Universidad,0.3045,0.066,0.5431,0.2819,0.8042,0,0.132
Chiapas-Universidad De Ciencias Y Artes De Chiapas,Chiapas,Estatal,Universidad,0.2656,0.066,0.4652,0.5303,0.4,0,0.132
Chiapas-Villa Corzo,Chiapas,Municipal,Municipio,0.1337,0.1,0.1674,0.3347,0,0,0.2
Chiapas-Villaflores,Chiapas,Municipal,Municipio,0.5951,0.6,0.5903,0.3306,0.85,0.7,0.5
Chihuahua-Auditoria Estatal,Chihuahua,Estatal,Legislativo,0.6464,0.549,0.7437,0.6667,0.8208,0.666,0.432
Chihuahua-Chihuahua,Chihuahua,Municipal,Municipio,0.3574,0.066,0.6488,0.4767,0.8208,0,0.132
Chihuahua-Congreso Estatal,Chihuahua,Estatal,Legislativo,0.7886,0.916,0.6611,0.5681,0.7542,0.9,0.932
Chihuahua-DIF,Chihuahua,Estatal,Ejecutivo estatal,0.4932,0.316,0.6704,0.6367,0.7042,0.5,0.132
Chihuahua-Fideicomiso Casa Chihuahua Centro De Patrimonio Cultural,Chihuahua,Estatal,Fideicomiso,0.3251,0.066,0.5842,0.3933,0.775,0,0.132
Chihuahua-Fideicomiso Del Transporte Publico,Chihuahua,Estatal,Fideicomiso,0.0165,0.033,0,0,0,0,0.066
Chihuahua-Gobernador,Chihuahua,Estatal,Ejecutivo estatal,0.4333,0.216,0.6506,0.6219,0.6792,0.3,0.132
Chihuahua-Hidalgo del Parral,Chihuahua,Municipal,Municipio,0.3463,0.066,0.6267,0.4367,0.8167,0,0.132
Chihuahua-Instituto Electoral,Chihuahua,Estatal,Autonomo,0.6575,0.549,0.766,0.5611,0.9708,0.966,0.132
Chihuahua-Juarez,Chihuahua,Municipal,Municipio,0.7043,0.6332,0.7754,0.7717,0.7792,0.333,0.9333
Chihuahua-PES,Chihuahua,Estatal,Partido,0.0165,0.033,0,0,0,0,0.066
Chihuahua-PMC,Chihuahua,Estatal,Partido,0.05,0.1,0,0,0,0,0.2
Chihuahua-PRI,Chihuahua,Estatal,Partido,0.4257,0.216,0.6354,0.4667,0.8042,0,0.432
Chihuahua-Secretaria de Agricultura,Chihuahua,Estatal,Ejecutivo estatal,0.6304,0.566,0.6947,0.6394,0.75,0.2,0.932
Chihuahua-Secretaria de Desarrollo Social,Chihuahua,Estatal,Ejecutivo estatal,0.4059,0.166,0.6458,0.5167,0.775,0.2,0.132
Chihuahua-Secretaria de Educacion,Chihuahua,Estatal,Ejecutivo estatal,0.6056,0.516,0.6951,0.5194,0.8708,0.6,0.432
Chihuahua-Secretaria de Gobierno,Chihuahua,Estatal,Ejecutivo estatal,0.4597,0.316,0.6035,0.5194,0.6875,0.5,0.132
Chihuahua-Secretaria de Hacienda,Chihuahua,Estatal,Ejecutivo estatal,0.3511,0.066,0.6361,0.5222,0.75,0,0.132
Chihuahua-Secretaria de Salud,Chihuahua,Estatal,Ejecutivo estatal,0.4797,0.216,0.7435,0.6328,0.8542,0.3,0.132
Chihuahua-Secretaria de Seguridad,Chihuahua,Estatal,Ejecutivo estatal,0.3511,0.216,0.4862,0.56,0.4125,0,0.432
Chihuahua-Sindicato De Burocratas Al Servicio Del Gobierno Del Estado,Chihuahua,Estatal,Sindicato,0.033,0.066,0,0,0,0,0.132
Chihuahua-Sindicato De Trabajadores Al Servicio De La Uach,Chihuahua,Estatal,Sindicato,0.033,0.066,0,0,0,0,0.132
Chihuahua-Tribunal Superior De Justicia,Chihuahua,Estatal,Judicial,0.3574,0.066,0.6487,0.5767,0.7208,0,0.132
Chihuahua-Universidad Autonoma De Chihuahua,Chihuahua,Estatal,Universidad,0.3754,0.216,0.5347,0.4736,0.5958,0,0.432
Chihuahua-Universidad Autonoma De Ciudad Juarez,Chihuahua,Estatal,Universidad,0.2161,0.066,0.3663,0.3576,0.375,0,0.132
Chihuahua-Urique,Chihuahua,Municipal,Municipio,0.083,0.066,0.1,0.2,0,0,0.132
Chihuahua-Valle de Zaragoza,Chihuahua,Municipal,Municipio,0.513,0.416,0.61,0.42,0.8,0.4,0.432
Ciudad de Mexico-Auditoria Estatal,Ciudad de Mexico,Estatal,Legislativo,0.5279,0.299,0.7568,0.6969,0.8167,0.466,0.132
Ciudad de Mexico-Benito Juarez,Ciudad de Mexico,Municipal,Municipio,0.5654,0.366,0.7647,0.6961,0.8333,0.3,0.432
Ciudad de Mexico-Congreso Estatal,Ciudad de Mexico,Estatal,Legislativo,0.4671,0.25,0.6842,0.6017,0.7667,0.3,0.2
Ciudad de Mexico-Coyoacan,Ciudad de Mexico,Municipal,Municipio,0.8953,1,0.7906,0.7186,0.8625,1,1
Ciudad de Mexico-Cuajimalpa de Morelos,Ciudad de Mexico,Municipal,Municipio,0.7151,0.7667,0.6635,0.6394,0.6875,0.6,0.9333
Ciudad de Mexico-Cuauhtemoc,Ciudad de Mexico,Municipal,Municipio,0.6408,0.516,0.7656,0.6019,0.9292,0.9,0.132
Ciudad de Mexico-DIF,Ciudad de Mexico,Estatal,Ejecutivo estatal,0.5843,0.416,0.7526,0.6428,0.8625,0.7,0.132
Ciudad de Mexico-Fideicomiso De Recuperacion Crediticia Del Gobierno Del Distrito Federal,Ciudad de Mexico,Estatal,Fideicomiso,0.5919,0.55,0.6337,0.5008,0.7667,0.9,0.2
Ciudad de Mexico-Fideicomiso Educacion Garantizada,Ciudad de Mexico,Estatal,Fideicomiso,0.3826,0.066,0.6992,0.5567,0.8417,0,0.132
Ciudad de Mexico-Gobernador,Ciudad de Mexico,Estatal,Ejecutivo estatal,0.4849,0.25,0.7197,0.6978,0.7417,0.3,0.2
Ciudad de Mexico-Instituto Electoral,Ciudad de Mexico,Estatal,Autonomo,0.698,0.7657,0.6303,0.5522,0.7083,0.666,0.8653
Ciudad de Mexico-Miguel Hidalgo,Ciudad de Mexico,Municipal,Municipio,0.7304,0.7327,0.7281,0.6394,0.8167,0.6,0.8653
Ciudad de Mexico-PES,Ciudad de Mexico,Estatal,Partido,0.4548,0.433,0.4767,0.32,0.6333,0.666,0.2
Ciudad de Mexico-PMC,Ciudad de Mexico,Estatal,Partido,0.4955,0.4165,0.5744,0.4781,0.6708,0.633,0.2
Ciudad de Mexico-PRI,Ciudad de Mexico,Estatal,Partido,0.2153,0.033,0.3975,0.3367,0.4583,0,0.066
Ciudad de Mexico-Secretaria de Agricultura,Ciudad de Mexico,Estatal,Ejecutivo estatal,0.5736,0.416,0.7311,0.6372,0.825,0.7,0.132
Ciudad de Mexico-Secretaria de Desarrollo Social,Ciudad de Mexico,Estatal,Ejecutivo estatal,0.6258,0.566,0.6857,0.6089,0.7625,1,0.132
Ciudad de Mexico-Secretaria de Educacion,Ciudad de Mexico,Estatal,Ejecutivo estatal,0.5681,0.4,0.7361,0.6306,0.8417,0.6,0.2
Ciudad de Mexico-Secretaria de Gobierno,Ciudad de Mexico,Estatal,Ejecutivo estatal,0.7261,0.733,0.7192,0.655,0.7833,0.966,0.5
Ciudad de Mexico-Secretaria de Hacienda,Ciudad de Mexico,Estatal,Ejecutivo estatal,0.3955,0.1,0.691,0.7069,0.675,0,0.2
Ciudad de Mexico-Secretaria de Salud,Ciudad de Mexico,Estatal,Ejecutivo estatal,0.4498,0.1,0.7996,0.7408,0.8583,0,0.2
Ciudad de Mexico-Secretaria de Seguridad,Ciudad de Mexico,Estatal,Ejecutivo estatal,0.431,0.4,0.4621,0.5367,0.3875,0.6,0.2
Ciudad de Mexico-Sindicato unico De Trabajadores De La Universidad Autonoma De La Ciudad De Mexico,Ciudad de Mexico,Estatal,Sindicato,0.2503,0.4667,0.034,0.0681,0,0,0.9333
Ciudad de Mexico-Sindicato unico De Trabajadores Del Gdf,Ciudad de Mexico,Estatal,Sindicato,0.0667,0.1,0.0333,0.0667,0,0,0.2
Ciudad de Mexico-Tribunal Superior De Justicia,Ciudad de Mexico,Estatal,Judicial,0.3352,0.066,0.6043,0.7086,0.5,0,0.132
Ciudad de Mexico-Universidad Autonoma De La Ciudad De Mexico,Ciudad de Mexico,Estatal,Universidad,0.404,0.2,0.6079,0.5033,0.7125,0.2,0.2
Coahuila-Auditoria Estatal,Coahuila,Estatal,Legislativo,0.6323,0.55,0.7146,0.6042,0.825,0.6,0.5
Coahuila-Congreso Estatal,Coahuila,Estatal,Legislativo,0.6109,0.549,0.6728,0.6039,0.7417,0.966,0.132
Coahuila-DIF,Coahuila,Estatal,Ejecutivo estatal,0.3811,0.25,0.5122,0.5078,0.5167,0,0.5
Coahuila-Fideicomiso  Del  Fondo  Para  La  Seguridad  Publica De La  Region  Laguna  Coahuila,Coahuila,Estatal,Fideicomiso,0.0677,0.1,0.0354,0.0708,0,0,0.2
Coahuila-Fideicomiso Para El Ahorro De Energia Electrica Del Estado De Coahuila,Coahuila,Estatal,Fideicomiso,0.033,0.066,0,0,0,0,0.132
Coahuila-Gobernador,Coahuila,Estatal,Ejecutivo estatal,0.5401,0.3,0.7801,0.7478,0.8125,0.4,0.2
Coahuila-Instituto Electoral,Coahuila,Estatal,Autonomo,0.5652,0.55,0.5804,0.4233,0.7375,0.6,0.5
Coahuila-PES,Coahuila,Estatal,Partido,0.025,0,0.05,0.1,0,0,0
Coahuila-PMC,Coahuila,Estatal,Partido,0.075,0.1,0.05,0.1,0,0,0.2
Coahuila-PRI,Coahuila,Estatal,Partido,0.5902,0.5325,0.6479,0.4917,0.8042,0.933,0.132
Coahuila-Saltillo,Coahuila,Municipal,Municipio,0.5445,0.366,0.7231,0.6003,0.8458,0.6,0.132
Coahuila-San Pedro,Coahuila,Municipal,Municipio,0.3931,0.066,0.7201,0.5861,0.8542,0,0.132
Coahuila-Secretaria de Agricultura,Coahuila,Estatal,Ejecutivo estatal,0.3917,0.25,0.5335,0.5711,0.4958,0,0.5
Coahuila-Secretaria de Desarrollo Social,Coahuila,Estatal,Ejecutivo estatal,0.7426,0.8,0.6851,0.5744,0.7958,0.6,1
Coahuila-Secretaria de Educacion,Coahuila,Estatal,Ejecutivo estatal,0.8511,0.983,0.7192,0.5883,0.85,0.966,1
Coahuila-Secretaria de Gobierno,Coahuila,Estatal,Ejecutivo estatal,0.5294,0.3825,0.6764,0.5278,0.825,0.633,0.132
Coahuila-Secretaria de Hacienda,Coahuila,Estatal,Ejecutivo estatal,0.633,0.5,0.766,0.7111,0.8208,0,1
Coahuila-Secretaria de Salud,Coahuila,Estatal,Ejecutivo estatal,0.6129,0.549,0.6768,0.5911,0.7625,0.966,0.132
Coahuila-Secretaria de Seguridad,Coahuila,Estatal,Ejecutivo estatal,0.693,0.7825,0.6035,0.5111,0.6958,0.633,0.932
Coahuila-Sindicato De Trabajadores De La Universidad Autonoma De Coahuila,Coahuila,Estatal,Sindicato,0.0497,0.066,0.0333,0.0667,0,0,0.132
Coahuila-Sindicato unico De Trabajadores Y Empleados Al Servicio Del Municipio De Saltillo,Coahuila,Estatal,Sindicato,0,0,0,0,0,0,0
Coahuila-Torreon,Coahuila,Municipal,Municipio,0.403,0.066,0.74,0.655,0.825,0,0.132
Coahuila-Tribunal Superior De Justicia,Coahuila,Estatal,Judicial,0.4485,0.25,0.6471,0.6067,0.6875,0.3,0.2
Coahuila-Universidad Autonoma De Coahuila,Coahuila,Estatal,Universidad,0.7035,0.8167,0.5903,0.4931,0.6875,0.7,0.9333
Coahuila-Universidad Politecnica De La Region Laguna,Coahuila,Estatal,Universidad,0.1903,0.216,0.1646,0.3292,0,0,0.432
Coahuila-Viesca,Coahuila,Municipal,Municipio,0.1886,0.216,0.1611,0.3222,0,0,0.432
Coahuila-Zaragoza,Coahuila,Municipal,Municipio,0.1865,0.216,0.1569,0.3139,0,0,0.432
Colima-Auditoria Estatal,Colima,Estatal,Legislativo,0.6031,0.6667,0.5396,0.5833,0.4958,0.4,0.9333
Colima-Colima,Colima,Municipal,Municipio,0.5224,0.399,0.6458,0.4833,0.8083,0.666,0.132
Colima-Congreso Estatal,Colima,Estatal,Legislativo,0.3239,0.1,0.5477,0.5955,0.5,0,0.2
Colima-DIF,Colima,Estatal,Ejecutivo estatal,0.4372,0.1,0.7743,0.6111,0.9375,0,0.2
Colima-Fideicomiso Para La Promocion Turistica. Del Estado De Colima,Colima,Estatal,Fideicomiso,0.1375,0,0.275,0.3,0.25,0,0
Colima-Fondo Mixto Conacyt-Gobierno Del Estado De Colima,Colima,Estatal,Fideicomiso,0.075,0.1,0.05,0.1,0,0,0.2
Colima-Gobernador,Colima,Estatal,Ejecutivo estatal,0.3814,0.216,0.5468,0.6311,0.4625,0.3,0.132
Colima-Instituto Electoral,Colima,Estatal,Autonomo,0.4299,0.216,0.6438,0.6625,0.625,0.3,0.132
Colima-Instituto TecnologicoDe Colima,Colima,Estatal,Universidad,0.6101,0.5,0.7201,0.6028,0.8375,0,1
Colima-Ixtlahuacan,Colima,Municipal,Municipio,0.1111,0.066,0.1563,0.3125,0,0,0.132
Colima-Minatitlan,Colima,Municipal,Municipio,0.117,0.1,0.134,0.2681,0,0,0.2
Colima-PES,Colima,Estatal,Partido,0.1437,0.1,0.1875,0,0.375,0,0.2
Colima-PMC,Colima,Estatal,Partido,0.1299,0.1,0.1597,0.0694,0.25,0,0.2
Colima-PRI,Colima,Estatal,Partido,0.1125,0.066,0.159,0.0681,0.25,0,0.132
Colima-Secretaria de Agricultura,Colima,Estatal,Ejecutivo estatal,0.4454,0.316,0.5749,0.5664,0.5833,0.5,0.132
Colima-Secretaria de Desarrollo Social,Colima,Estatal,Ejecutivo estatal,0.5841,0.533,0.6353,0.5831,0.6875,0.566,0.5
Colima-Secretaria de Educacion,Colima,Estatal,Ejecutivo estatal,0.3632,0.066,0.6604,0.4167,0.9042,0,0.132
Colima-Secretaria de Gobierno,Colima,Estatal,Ejecutivo estatal,0.4787,0.25,0.7075,0.59,0.825,0,0.5
Colima-Secretaria de Hacienda,Colima,Estatal,Ejecutivo estatal,0.609,0.5327,0.6853,0.5872,0.7833,0.2,0.8653
Colima-Secretaria de Salud,Colima,Estatal,Ejecutivo estatal,0.5125,0.4,0.625,0.3333,0.9167,0.6,0.2
Colima-Secretaria de Seguridad,Colima,Estatal,Ejecutivo estatal,0.6495,0.52,0.7789,0.587,0.9708,0.2,0.84
Colima-Sindicato De Trabajadores Al Servicio Del Gobierno Del Estado De Colima,Colima,Estatal,Sindicato,0.1393,0.066,0.2125,0.3,0.125,0,0.132
Colima-Sindicato Del Ayuntamiento De Colima,Colima,Estatal,Sindicato,0.133,0.066,0.2,0.4,0,0,0.132
Colima-Tecoman,Colima,Municipal,Municipio,0.4122,0.066,0.7583,0.5167,1,0,0.132
Colima-Tribunal Superior De Justicia,Colima,Estatal,Judicial,0.3697,0.066,0.6733,0.48,0.8667,0,0.132
Colima-Universidad De Colima (U. De C.),Colima,Estatal,Universidad,0.2313,0.066,0.3965,0.3431,0.45,0,0.132
Colima-Villa de aÅlvarez,Colima,Municipal,Municipio,0.4108,0.1,0.7215,0.5097,0.9333,0,0.2
Comision Federal de Competencia Economica,Federal,Federal,Autonomo,0.5628,0.549,0.5765,0.6531,0.5,0.666,0.432
Camara de Diputados,Federal,Federal,Legislativo,0.4131,0.216,0.6103,0.5706,0.65,0.3,0.132
Camara de Senadores,Federal,Federal,Legislativo,0.7014,0.966,0.4368,0.4486,0.425,1,0.932
Durango-Auditoria Estatal,Durango,Estatal,Legislativo,0.1879,0.216,0.1597,0.3194,0,0,0.432
Durango-Congreso Estatal,Durango,Estatal,Legislativo,0.6369,0.65,0.6237,0.5267,0.7208,0.3,1
Durango-DIF,Durango,Estatal,Ejecutivo estatal,0.7208,0.799,0.6426,0.4644,0.8208,0.666,0.932
Durango-Durango,Durango,Municipal,Municipio,0.5458,0.366,0.7257,0.5222,0.9292,0.666,0.066
Durango-Fideicomiso Ciudad Industrial,Durango,Estatal,Fideicomiso,0.2384,0.033,0.4437,0.2,0.6875,0,0.066
Durango-Fondo Mixto Conacyt Äî Gobierno Del Estado De Durango,Durango,Estatal,Fideicomiso,0.2717,0.033,0.5104,0.4,0.6208,0,0.066
Durango-Gobernador,Durango,Estatal,Ejecutivo estatal,0.2436,0.066,0.4211,0.4672,0.375,0,0.132
Durango-Gomez Palacio,Durango,Municipal,Municipio,0.6334,0.599,0.6678,0.5147,0.8208,0.766,0.432
Durango-Instituto Electoral,Durango,Estatal,Autonomo,0.6037,0.4,0.8074,0.6981,0.9167,0.3,0.5
Durango-Lerdo,Durango,Municipal,Municipio,0.6175,0.549,0.686,0.5428,0.8292,0.666,0.432
Durango-Nuevo Ideal,Durango,Municipal,Municipio,0.3024,0.066,0.5389,0.3278,0.75,0,0.132
Durango-PES,Durango,Estatal,Partido,0.025,0,0.05,0.1,0,0,0
Durango-PMC,Durango,Estatal,Partido,0.075,0.1,0.05,0.1,0,0,0.2
Durango-PRI,Durango,Estatal,Partido,0.2311,0.033,0.4292,0.2333,0.625,0,0.066
Durango-Secretaria de Agricultura,Durango,Estatal,Ejecutivo estatal,0.3279,0.066,0.5899,0.5297,0.65,0,0.132
Durango-Secretaria de Desarrollo Social,Durango,Estatal,Ejecutivo estatal,0.6251,0.7667,0.4836,0.4672,0.5,0.6,0.9333
Durango-Secretaria de Educacion,Durango,Estatal,Ejecutivo estatal,0.5354,0.5,0.5708,0.5125,0.6292,0.5,0.5
Durango-Secretaria de Gobierno,Durango,Estatal,Ejecutivo estatal,0.4014,0.066,0.7368,0.5778,0.8958,0,0.132
Durango-Secretaria de Hacienda,Durango,Estatal,Ejecutivo estatal,0.4217,0.4,0.4433,0.4658,0.4208,0.6,0.2
Durango-Secretaria de Salud,Durango,Estatal,Ejecutivo estatal,0.1665,0.1,0.2329,0.4658,0,0,0.2
Durango-Secretaria de Seguridad,Durango,Estatal,Ejecutivo estatal,0.6426,0.6825,0.6028,0.5764,0.6292,0.933,0.432
Durango-Sindicato De Trabajadores Al Servicio De Los Tres Poderes Del Estado De Durango,Durango,Estatal,Sindicato,0.033,0.066,0,0,0,0,0.132
Durango-Sindicato Detrabajadores Y Empleados Universidad Juarez Del Estado De Durango,Durango,Estatal,Sindicato,0.108,0.216,0,0,0,0,0.432
Durango-Tribunal Superior De Justicia,Durango,Estatal,Judicial,0.3466,0.033,0.6603,0.4831,0.8375,0,0.066
Durango-Universidad Juarez Del Estado De Durango,Durango,Estatal,Universidad,0.3673,0.1,0.6346,0.59,0.6792,0,0.2
Durango-Universidad Politecnica De Gomez Palacio,Durango,Estatal,Universidad,0.5474,0.5,0.5947,0.5811,0.6083,0,1
Durango-Vicente Guerrero,Durango,Municipal,Municipio,0.4507,0.366,0.5354,0.3208,0.75,0.3,0.432
Fideicomiso de Fomento Minero,Federal,Federal,Fideicomiso,0.3749,0.1,0.6497,0.7536,0.5458,0,0.2
Fondo de Aportaciones para Nomina Educativa y Gasto Operativo (FONE),Federal,Federal,Fideicomiso,0.3402,0,0.6804,0.6233,0.7375,0,0
Fondo de Aportaciones para el Fortalecimiento de los Municipios y de las Demarcaciones Territoriales del Distrito Federal (FORTAMUN).,Federal,Federal,Fideicomiso,0.3069,0,0.6137,0.49,0.7375,0,0
Fondo de Cultura Economica,Federal,Federal,Descentralizado,0.6064,0.483,0.7299,0.6972,0.7625,0.9,0.066
Guanajuato-Asociacion Sindical De Trabajadores Administrativos De La Universidad De Guanajuato,Guanajuato,Estatal,Sindicato,0.3165,0.066,0.5671,0.43,0.7042,0,0.132
Guanajuato-Auditoria Estatal,Guanajuato,Estatal,Legislativo,0.792,0.9413,0.6426,0.5061,0.7792,0.966,0.9167
Guanajuato-Congreso Estatal,Guanajuato,Estatal,Legislativo,0.5347,0.399,0.6704,0.4992,0.8417,0.666,0.132
Guanajuato-DIF,Guanajuato,Estatal,Ejecutivo estatal,0.6655,0.7323,0.5986,0.6306,0.5667,0.666,0.7987
Guanajuato-Fondo De Fomento Agropecuario Del Estado De Guanajuato,Guanajuato,Estatal,Fideicomiso,0.5342,0.483,0.5854,0.3333,0.8375,0.966,0
Guanajuato-Fondos Guanajuato De Financiamientos,Guanajuato,Estatal,Fideicomiso,0.4268,0.216,0.6375,0.45,0.825,0,0.432
Guanajuato-Gobernador,Guanajuato,Estatal,Ejecutivo estatal,0.659,0.6167,0.7012,0.6358,0.7667,0.3,0.9333
Guanajuato-Guanajuato,Guanajuato,Municipal,Municipio,0.682,0.616,0.7479,0.5458,0.95,0.3,0.932
Guanajuato-Instituto Electoral,Guanajuato,Estatal,Autonomo,0.4694,0.25,0.6889,0.5361,0.8417,0.3,0.2
Guanajuato-PES,Guanajuato,Estatal,Partido,0.025,0,0.05,0.1,0,0,0
Guanajuato-PMC,Guanajuato,Estatal,Partido,0.5004,0.3,0.7008,0.51,0.8917,0.4,0.2
Guanajuato-PRI,Guanajuato,Estatal,Partido,0.0858,0.066,0.1056,0.2111,0,0,0.132
Guanajuato-Secretaria de Agricultura,Guanajuato,Estatal,Ejecutivo estatal,0.6835,0.699,0.6681,0.5111,0.825,0.966,0.432
Guanajuato-Secretaria de Desarrollo Social,Guanajuato,Estatal,Ejecutivo estatal,0.5281,0.366,0.6903,0.5514,0.8292,0.6,0.132
Guanajuato-Secretaria de Educacion,Guanajuato,Estatal,Ejecutivo estatal,0.3761,0.066,0.6861,0.5472,0.825,0,0.132
Guanajuato-Secretaria de Gobierno,Guanajuato,Estatal,Ejecutivo estatal,0.6139,0.516,0.7118,0.5986,0.825,0.6,0.432
Guanajuato-Secretaria de Hacienda,Guanajuato,Estatal,Ejecutivo estatal,0.5894,0.499,0.6799,0.5972,0.7625,0.566,0.432
Guanajuato-Secretaria de Salud,Guanajuato,Estatal,Ejecutivo estatal,0.5507,0.5,0.6014,0.3778,0.825,0.5,0.5
Guanajuato-Secretaria de Seguridad,Guanajuato,Estatal,Ejecutivo estatal,0.5129,0.316,0.7097,0.5944,0.825,0.5,0.132
Guanajuato-Silao de la Victoria,Guanajuato,Municipal,Municipio,0.3858,0.066,0.7056,0.5778,0.8333,0,0.132
Guanajuato-Sindicato Del Colegio De Estudios CientificosY Tecnologicos Del Estado,Guanajuato,Estatal,Sindicato,0.0708,0,0.1417,0,0.2833,0,0
Guanajuato-Tribunal Superior De Justicia,Guanajuato,Estatal,Judicial,0.6118,0.5593,0.6642,0.4867,0.8417,0.3,0.8187
Guanajuato-Universidad De Guanajuato,Guanajuato,Estatal,Universidad,0.5785,0.583,0.574,0.5647,0.5833,0.966,0.2
Guanajuato-Universidad Tecnologica De Salamanca (Uts),Guanajuato,Estatal,Universidad,0.5778,0.4667,0.6889,0.5528,0.825,0,0.9333
Guanajuato-Valle de Santiago,Guanajuato,Municipal,Municipio,0.4538,0.216,0.6917,0.55,0.8333,0.3,0.132
Guanajuato-Xichu,Guanajuato,Municipal,Municipio,0.1757,0.216,0.1354,0.2708,0,0,0.432
Guanajuato-Yuriria,Guanajuato,Municipal,Municipio,0.4378,0.216,0.6596,0.4233,0.8958,0,0.432
Guerrero-Auditoria Estatal,Guerrero,Estatal,Legislativo,0.5751,0.433,0.7172,0.5303,0.9042,0.666,0.2
Guerrero-Chilpancingo de los Bravo,Guerrero,Municipal,Municipio,0.5054,0.25,0.7608,0.5633,0.9583,0,0.5
Guerrero-Cochoapa el Grande,Guerrero,Municipal,Municipio,0.1611,0.1,0.2222,0.4444,0,0,0.2
Guerrero-Congreso Estatal,Guerrero,Estatal,Legislativo,0.4647,0.066,0.8633,0.785,0.9417,0,0.132
Guerrero-DIF,Guerrero,Estatal,Ejecutivo estatal,0.7001,0.549,0.8511,0.8189,0.8833,0.666,0.432
"Guerrero-Fideicomiso Guerrero Industrial,",Guerrero,Estatal,Fideicomiso,0.1691,0.216,0.1222,0.2444,0,0,0.432
Guerrero-Fideicomiso Para La Promocion TuristicaDe Acapulco,Guerrero,Estatal,Fideicomiso,0.336,0.1,0.5721,0.39,0.7542,0,0.2
Guerrero-Gobernador,Guerrero,Estatal,Ejecutivo estatal,0.4876,0.25,0.7251,0.6211,0.8292,0,0.5
Guerrero-Instituto Electoral,Guerrero,Estatal,Autonomo,0.5063,0.25,0.7625,0.6,0.925,0.3,0.2
Guerrero-Jose Joaquin de Herrera,Guerrero,Municipal,Municipio,0.1601,0.1,0.2201,0.4403,0,0,0.2
Guerrero-PES,Guerrero,Estatal,Partido,0.075,0.1,0.05,0.1,0,0,0.2
Guerrero-PMC,Guerrero,Estatal,Partido,0.3108,0.25,0.3717,0.46,0.2833,0,0.5
Guerrero-PRI,Guerrero,Estatal,Partido,0.092,0.1,0.084,0.1681,0,0,0.2
Guerrero-Secretaria de Agricultura,Guerrero,Estatal,Ejecutivo estatal,0.4226,0.216,0.6292,0.8167,0.4417,0,0.432
Guerrero-Secretaria de Desarrollo Social,Guerrero,Estatal,Ejecutivo estatal,0.3718,0.066,0.6776,0.5928,0.7625,0,0.132
Guerrero-Secretaria de Educacion,Guerrero,Estatal,Ejecutivo estatal,0.4688,0.35,0.5875,0.4417,0.7333,0.5,0.2
Guerrero-Secretaria de Gobierno,Guerrero,Estatal,Ejecutivo estatal,0.5383,0.25,0.8267,0.795,0.8583,0,0.5
Guerrero-Secretaria de Hacienda,Guerrero,Estatal,Ejecutivo estatal,0.4696,0.1,0.8392,0.8158,0.8625,0,0.2
Guerrero-Secretaria de Salud,Guerrero,Estatal,Ejecutivo estatal,0.6923,0.75,0.6346,0.59,0.6792,0.5,1
Guerrero-Secretaria de Seguridad,Guerrero,Estatal,Ejecutivo estatal,0.4593,0.1,0.8186,0.8164,0.8208,0,0.2
Guerrero-Sindicato De Los Trabajadores De La Secretaria Estatal De Salud,Guerrero,Estatal,Sindicato,0.0167,0,0.0333,0.0667,0,0,0
Guerrero-Sindicato De Seguro Social,Guerrero,Estatal,Sindicato,0.0583,0.1,0.0167,0.0333,0,0,0.2
Guerrero-Taxco de Alarcon,Guerrero,Municipal,Municipio,0.414,0.25,0.5779,0.41,0.7458,0,0.5
Guerrero-Tlapa de Comonfort,Guerrero,Municipal,Municipio,0.3427,0.1,0.5854,0.3542,0.8167,0,0.2
Guerrero-Tribunal Superior De Justicia,Guerrero,Estatal,Judicial,0.2893,0.066,0.5125,0.4125,0.6125,0,0.132
Guerrero-Universidad Autonoma Del Estado De Guerrero,Guerrero,Estatal,Universidad,0.4806,0.4327,0.5285,0.4319,0.625,0,0.8653
Guerrero-Universidad Tecnologica De La Costa Grande De Guerrero,Guerrero,Estatal,Universidad,0.4731,0.25,0.6962,0.6258,0.7667,0,0.5
Hidalgo-Auditoria Estatal,Hidalgo,Estatal,Legislativo,0.3633,0.1,0.6267,0.5783,0.675,0,0.2
Hidalgo-Congreso Estatal,Hidalgo,Estatal,Legislativo,0.7198,0.7333,0.7063,0.5583,0.8542,0.6,0.8667
Hidalgo-DIF,Hidalgo,Estatal,Ejecutivo estatal,0.8666,0.983,0.7503,0.6214,0.8792,0.966,1
Hidalgo-Fideicomiso De Apoyo A La Micro Y PequeÒa Empresa Hidalguense,Hidalgo,Estatal,Fideicomiso,0.0165,0.033,0,0,0,0,0.066
Hidalgo-Fondo De Fomento Agropecuario En El Estado De Hidalgo,Hidalgo,Estatal,Fideicomiso,0.0165,0.033,0,0,0,0,0.066
Hidalgo-Gobernador,Hidalgo,Estatal,Ejecutivo estatal,0.5212,0.4,0.6424,0.4514,0.8333,0.6,0.2
Hidalgo-Instituto Electoral,Hidalgo,Estatal,Autonomo,0.1865,0.216,0.1569,0.3139,0,0,0.432
Hidalgo-Instituto TecnologicoSuperior Del Occidente,Hidalgo,Estatal,Universidad,0.658,0.7165,0.5996,0.47,0.7292,0.433,1
Hidalgo-PES,Hidalgo,Estatal,Partido,0.3061,0.033,0.5792,0.3167,0.8417,0,0.066
Hidalgo-PMC,Hidalgo,Estatal,Partido,0.4333,0.4,0.4667,0.25,0.6833,0.6,0.2
Hidalgo-PRI,Hidalgo,Estatal,Partido,0.2562,0.1,0.4125,0.2,0.625,0,0.2
Hidalgo-Pachuca de Soto,Hidalgo,Municipal,Municipio,0.374,0.266,0.4819,0.4014,0.5625,0.4,0.132
Hidalgo-Secretaria de Agricultura,Hidalgo,Estatal,Ejecutivo estatal,0.3354,0.266,0.4049,0.4514,0.3583,0.4,0.132
Hidalgo-Secretaria de Desarrollo Social,Hidalgo,Estatal,Ejecutivo estatal,0.599,0.566,0.6319,0.4514,0.8125,1,0.132
Hidalgo-Secretaria de Educacion,Hidalgo,Estatal,Ejecutivo estatal,0.3771,0.366,0.3882,0.3514,0.425,0.6,0.132
Hidalgo-Secretaria de Gobierno,Hidalgo,Estatal,Ejecutivo estatal,0.4125,0.216,0.609,0.4514,0.7667,0.3,0.132
Hidalgo-Secretaria de Hacienda,Hidalgo,Estatal,Ejecutivo estatal,0.3628,0.1,0.6257,0.4847,0.7667,0,0.2
Hidalgo-Secretaria de Salud,Hidalgo,Estatal,Ejecutivo estatal,0.4304,0.433,0.4278,0.3514,0.5042,0.666,0.2
Hidalgo-Secretaria de Seguridad,Hidalgo,Estatal,Ejecutivo estatal,0.5066,0.4,0.6132,0.4472,0.7792,0.6,0.2
"Hidalgo-Sindicato unico De Trabajadores Al Servicio Del Municipio De Omitlan De Juarez, Hidalgo",Hidalgo,Estatal,Sindicato,0.033,0.066,0,0,0,0,0.132
"Hidalgo-Sindicato unico De Trabajadores Al Servicio Del Municipio De Pachuca De Soto, Hidalgo",Hidalgo,Estatal,Sindicato,0.033,0.066,0,0,0,0,0.132
Hidalgo-Tribunal Superior De Justicia,Hidalgo,Estatal,Judicial,0.1111,0.066,0.1563,0,0.3125,0,0.132
Hidalgo-Tula de Allende,Hidalgo,Municipal,Municipio,0.5139,0.366,0.6618,0.3569,0.9667,0.6,0.132
Hidalgo-Tulancingo de Bravo,Hidalgo,Municipal,Municipio,0.3825,0.1,0.6651,0.5052,0.825,0,0.2
Hidalgo-Universidad Autonoma Del Estado De Hidalgo,Hidalgo,Estatal,Universidad,0.2335,0.066,0.401,0.5103,0.2917,0,0.132
Hidalgo-Zempoala,Hidalgo,Municipal,Municipio,0.3704,0.1,0.6408,0.44,0.8417,0,0.2
Hidalgo-Zimapan,Hidalgo,Municipal,Municipio,0.3812,0.066,0.6964,0.5511,0.8417,0,0.132
Instituto Federal de Telecomunicaciones,Federal,Federal,Autonomo,0.6295,0.583,0.6759,0.7061,0.6458,0.666,0.5
Instituto Mexicano de Tecnolgia del Agua,Federal,Federal,Descentralizado,0.3854,0.066,0.7048,0.7721,0.6375,0,0.132
Instituto Mexicano de la Juventud,Federal,Federal,Descentralizado,0.6195,0.349,0.89,0.9133,0.8667,0.566,0.132
Instituto Nacional de Estadistica y Geografia,Federal,Federal,Autonomo,0.6768,0.583,0.7707,0.733,0.8083,0.966,0.2
Instituto Nacional de las Personas Adultas Mayores,Federal,Federal,Descentralizado,0.7335,0.7,0.7671,0.8633,0.6708,0.9,0.5
Instituto Nacional para la Evaluacion de la Educacion,Federal,Federal,Autonomo,0.6043,0.4,0.8085,0.6879,0.9292,0.6,0.2
Jalisco-Auditoria Estatal,Jalisco,Estatal,Legislativo,0.4603,0.216,0.7046,0.5926,0.8167,0,0.432
Jalisco-Congreso Estatal,Jalisco,Estatal,Legislativo,0.5155,0.4,0.631,0.5536,0.7083,0.3,0.5
Jalisco-DIF,Jalisco,Estatal,Ejecutivo estatal,0.6083,0.61,0.6065,0.6172,0.5958,0.4,0.82
Jalisco-Fideicomiso Fondo De Apoyo De Tecnologias Educativas Y De La Informacion,Jalisco,Estatal,Fideicomiso,0.058,0.066,0.05,0.1,0,0,0.132
Jalisco-Fideicomiso Para El Fondo De Garantia Agropecuaria,Jalisco,Estatal,Fideicomiso,0.0588,0.066,0.0517,0.1033,0,0,0.132
Jalisco-Gobernador,Jalisco,Estatal,Ejecutivo estatal,0.371,0.25,0.4921,0.43,0.5542,0,0.5
Jalisco-Guadalajara,Jalisco,Municipal,Municipio,0.6503,0.7667,0.5339,0.6011,0.4667,0.6,0.9333
Jalisco-Instituto Electoral,Jalisco,Estatal,Autonomo,0.7015,0.616,0.7871,0.7992,0.775,0.3,0.932
Jalisco-PES,Jalisco,Estatal,Partido,0.0917,0.1,0.0833,0.1667,0,0,0.2
Jalisco-PMC,Jalisco,Estatal,Partido,0.5419,0.4,0.6838,0.5217,0.8458,0.6,0.2
Jalisco-PRI,Jalisco,Estatal,Partido,0.5297,0.3993,0.6601,0.6118,0.7083,0,0.7987
Jalisco-Secretaria de Agricultura,Jalisco,Estatal,Ejecutivo estatal,0.631,0.7667,0.4954,0.6992,0.2917,0.6,0.9333
Jalisco-Secretaria de Desarrollo Social,Jalisco,Estatal,Ejecutivo estatal,0.636,0.5665,0.7054,0.7108,0.7,0.633,0.5
Jalisco-Secretaria de Educacion,Jalisco,Estatal,Ejecutivo estatal,0.5417,0.216,0.8674,0.9139,0.8208,0,0.432
Jalisco-Secretaria de Gobierno,Jalisco,Estatal,Ejecutivo estatal,0.6185,0.5,0.7371,0.7158,0.7583,0,1
Jalisco-Secretaria de Hacienda,Jalisco,Estatal,Ejecutivo estatal,0.4733,0.4165,0.53,0.7017,0.3583,0.633,0.2
Jalisco-Secretaria de Salud,Jalisco,Estatal,Ejecutivo estatal,0.6321,0.566,0.6982,0.7048,0.6917,0.7,0.432
Jalisco-Secretaria de Seguridad,Jalisco,Estatal,Ejecutivo estatal,0.471,0.066,0.876,0.8978,0.8542,0,0.132
Jalisco-Sindicato De Empleados Al Servicio Del Dif Zapopan.,Jalisco,Estatal,Sindicato,0.033,0.066,0,0,0,0,0.132
Jalisco-Sindicato De Empleados Al Servicio Del Estado En El Sistema De Transporte Colectivo De La Zona Metropolitana,Jalisco,Estatal,Sindicato,0.033,0.066,0,0,0,0,0.132
Jalisco-Tonala,Jalisco,Municipal,Municipio,0.4114,0.516,0.3068,0.6136,0,0.6,0.432
Jalisco-Tribunal Superior De Justicia,Jalisco,Estatal,Judicial,0.3497,0.1,0.5993,0.3278,0.8708,0,0.2
Jalisco-Universidad Tecnologica De Jalisco,Jalisco,Estatal,Universidad,0.7191,0.7,0.7382,0.6264,0.85,0.4,1
Jalisco-Universidad Tecnologica De La Zona Metropolitana,Jalisco,Estatal,Universidad,0.4688,0.266,0.6717,0.6225,0.7208,0.4,0.132
Jalisco-Zapopan,Jalisco,Municipal,Municipio,0.7265,0.716,0.7371,0.6658,0.8083,1,0.432
Jalisco-Zapotitlan de Vadillo,Jalisco,Municipal,Municipio,0.3451,0.25,0.4403,0.2722,0.6083,0,0.5
Jalisco-Zapotlanejo,Jalisco,Municipal,Municipio,0.407,0.516,0.2979,0.5958,0,0.6,0.432
Judicatura,Federal,Federal,Judicial,0.3306,0.066,0.5953,0.5781,0.6125,0,0.132
Michoacan-Auditoria Estatal,Michoacan,Estatal,Legislativo,0.3292,0.1,0.5583,0.5292,0.5875,0,0.2
Michoacan-Congreso Estatal,Michoacan,Estatal,Legislativo,0.5052,0.366,0.6443,0.5219,0.7667,0.6,0.132
Michoacan-DIF,Michoacan,Estatal,Ejecutivo estatal,0.6264,0.65,0.6028,0.5347,0.6708,0.3,1
Michoacan-Fideicomiso De Parques Industriales De Michoacan,Michoacan,Estatal,Fideicomiso,0.3579,0.1,0.6158,0.3733,0.8583,0,0.2
Michoacan-Fideicomiso Fondo Estatal De Ciencia Y Tecnologia,Michoacan,Estatal,Fideicomiso,0.1008,0,0.2017,0.1867,0.2167,0,0
Michoacan-Gobernador,Michoacan,Estatal,Ejecutivo estatal,0.5708,0.5,0.6415,0.5581,0.725,0,1
Michoacan-Instituto Electoral,Michoacan,Estatal,Autonomo,0.6101,0.5883,0.6319,0.5931,0.6708,0.3,0.8767
Michoacan-Morelia,Michoacan,Municipal,Municipio,0.4613,0.25,0.6725,0.5908,0.7542,0,0.5
Michoacan-PES,Michoacan,Estatal,Partido,0.075,0.1,0.05,0.1,0,0,0.2
Michoacan-PMC,Michoacan,Estatal,Partido,0.175,0.25,0.1,0.2,0,0,0.5
Michoacan-PRI,Michoacan,Estatal,Partido,0.4922,0.4327,0.5518,0.3744,0.7292,0,0.8653
Michoacan-Secretaria de Agricultura,Michoacan,Estatal,Ejecutivo estatal,0.4326,0.1,0.7653,0.5347,0.9958,0,0.2
Michoacan-Secretaria de Desarrollo Social,Michoacan,Estatal,Ejecutivo estatal,0.6886,0.6993,0.6778,0.5847,0.7708,0.6,0.7987
Michoacan-Secretaria de Educacion,Michoacan,Estatal,Ejecutivo estatal,0.4438,0.316,0.5715,0.3847,0.7583,0.5,0.132
Michoacan-Secretaria de Gobierno,Michoacan,Estatal,Ejecutivo estatal,0.4589,0.25,0.6678,0.5481,0.7875,0.3,0.2
Michoacan-Secretaria de Hacienda,Michoacan,Estatal,Ejecutivo estatal,0.3518,0.033,0.6707,0.5581,0.7833,0,0.066
Michoacan-Secretaria de Salud,Michoacan,Estatal,Ejecutivo estatal,0.466,0.35,0.5819,0.5347,0.6292,0.5,0.2
Michoacan-Secretaria de Seguridad,Michoacan,Estatal,Ejecutivo estatal,0.7128,0.8,0.6257,0.3847,0.8667,0.6,1
"Michoacan-Sindicato De Trabajadores Asalariados Del Organismo Operador De Agua Potable, Alcantarillado Y  Saneamiento De Morelia (Staooapas - Sindicato  Del Ooapas)",Michoacan,Estatal,Sindicato,0.0917,0.1,0.0833,0.1667,0,0,0.2
Michoacan-Sindicato De Trabajadores De La Educacion Michoacana,Michoacan,Estatal,Sindicato,0.2557,0.066,0.4454,0.27,0.6208,0,0.132
Michoacan-Tribunal Superior De Justicia,Michoacan,Estatal,Judicial,0.3577,0.333,0.3825,0.39,0.375,0.466,0.2
Michoacan-Universidad Michoacana De San Nicolas De Hidalgo,Michoacan,Estatal,Universidad,0.2658,0.066,0.4656,0.5436,0.3875,0,0.132
Michoacan-Universidad Tecnologica De Morelia,Michoacan,Estatal,Universidad,0.5113,0.466,0.5565,0.4881,0.625,0,0.932
Michoacan-Zacapu,Michoacan,Municipal,Municipio,0.3993,0.216,0.5825,0.44,0.725,0.3,0.132
Michoacan-Zinapacuaro,Michoacan,Municipal,Municipio,0.4135,0.25,0.5771,0.5292,0.625,0.3,0.2
Michoacan-Zinaparo,Michoacan,Municipal,Municipio,0.3955,0.066,0.725,0.45,1,0,0.132
Michoacan-Zitacuaro,Michoacan,Municipal,Municipio,0.5135,0.4,0.6271,0.5292,0.725,0.6,0.2
Morelos-Auditoria Estatal,Morelos,Estatal,Legislativo,0.6062,0.4,0.8124,0.6872,0.9375,0.6,0.2
Morelos-Congreso Estatal,Morelos,Estatal,Legislativo,0.4285,0.183,0.674,0.6606,0.6875,0.3,0.066
Morelos-Cuernavaca,Morelos,Municipal,Municipio,0.4179,0.1,0.7358,0.5925,0.8792,0,0.2
Morelos-DIF,Morelos,Estatal,Ejecutivo estatal,0.524,0.266,0.7821,0.61,0.9542,0.4,0.132
Morelos-Fideicomiso De Certificados De Participacion Ordinarios,Morelos,Estatal,Fideicomiso,0.2604,0,0.5208,0.3333,0.7083,0,0
Morelos-Fideicomiso Fondo De Desarrollo Empresarial Y Promocion De La Inversion,Morelos,Estatal,Fideicomiso,0.406,0.1,0.7121,0.5033,0.9208,0,0.2
Morelos-Gobernador,Morelos,Estatal,Ejecutivo estatal,0.7225,0.733,0.7121,0.5867,0.8375,0.466,1
Morelos-Instituto Electoral,Morelos,Estatal,Autonomo,0.4815,0.216,0.7471,0.59,0.9042,0.3,0.132
Morelos-PES,Morelos,Estatal,Partido,0.0167,0,0.0333,0.0667,0,0,0
Morelos-PMC,Morelos,Estatal,Partido,0.5327,0.4165,0.6489,0.4561,0.8417,0.633,0.2
Morelos-PRI,Morelos,Estatal,Partido,0.025,0,0.05,0.1,0,0,0
Morelos-Secretaria de Agricultura,Morelos,Estatal,Ejecutivo estatal,0.3911,0.066,0.7162,0.5867,0.8458,0,0.132
Morelos-Secretaria de Desarrollo Social,Morelos,Estatal,Ejecutivo estatal,0.4543,0.216,0.6926,0.5853,0.8,0,0.432
Morelos-Secretaria de Educacion,Morelos,Estatal,Ejecutivo estatal,0.5072,0.266,0.7485,0.7053,0.7917,0.4,0.132
Morelos-Secretaria de Gobierno,Morelos,Estatal,Ejecutivo estatal,0.5097,0.266,0.7533,0.5567,0.95,0.4,0.132
Morelos-Secretaria de Hacienda,Morelos,Estatal,Ejecutivo estatal,0.603,0.416,0.79,0.6092,0.9708,0.4,0.432
Morelos-Secretaria de Salud,Morelos,Estatal,Ejecutivo estatal,0.5588,0.416,0.7015,0.5906,0.8125,0.4,0.432
Morelos-Secretaria de Seguridad,Morelos,Estatal,Ejecutivo estatal,0.033,0.066,0,0,0,0,0.132
"Morelos-Sindicato De Trabajadores Al Servicio Del H. Ayuntamiento De Yautepec, Morelos.",Morelos,Estatal,Sindicato,0,0,0,0,0,0,0
"Morelos-Sindicato De Trabajadores Al Servicio Del H. Ayuntamiento Municipal De Tlaltizapan, Morelos.",Morelos,Estatal,Sindicato,0,0,0,0,0,0,0
Morelos-Temixco,Morelos,Municipal,Municipio,0.4977,0.399,0.5964,0.5053,0.6875,0.666,0.132
Morelos-Temoac,Morelos,Municipal,Municipio,0.3344,0.1,0.5688,0.5625,0.575,0,0.2
Morelos-Tribunal Superior De Justicia,Morelos,Estatal,Judicial,0.4059,0.066,0.7458,0.5833,0.9083,0,0.132
Morelos-Universidad Autonoma Del Estado De Morelos,Morelos,Estatal,Universidad,0.625,0.5,0.75,0.6792,0.8208,0,1
Morelos-Universidad Tecnologica Emiliano Zapata,Morelos,Estatal,Universidad,0.389,0.216,0.5621,0.5825,0.5417,0.3,0.132
Morelos-Yautepec,Morelos,Municipal,Municipio,0.4153,0.066,0.7646,0.5667,0.9625,0,0.132
Morelos-Zacualpan de Amilpas,Morelos,Municipal,Municipio,0.05,0,0.1,0.2,0,0,0
Mexico-Auditoria Estatal,Mexico,Estatal,Legislativo,0.3613,0.066,0.6567,0.6342,0.6792,0,0.132
Mexico-Congreso Estatal,Mexico,Estatal,Legislativo,0.4347,0.35,0.5193,0.4136,0.625,0.5,0.2
Mexico-Cuautitlan Izcalli,Mexico,Municipal,Municipio,0.4587,0.35,0.5674,0.5097,0.625,0.5,0.2
Mexico-DIF,Mexico,Estatal,Ejecutivo estatal,0.589,0.4667,0.7114,0.5436,0.8792,0,0.9333
Mexico-Fideicomiso Fondo Ambiental Del Estado De Mexico.,Mexico,Estatal,Fideicomiso,0.0165,0.033,0,0,0,0,0.066
Mexico-Fideicomiso Para El Fondo Metropolitano Del Valle De Mexico,Mexico,Estatal,Fideicomiso,0.1,0.1,0.1,0.2,0,0,0.2
Mexico-Gobernador,Mexico,Estatal,Ejecutivo estatal,0.3352,0.1,0.5705,0.5576,0.5833,0,0.2
Mexico-Instituto Electoral,Mexico,Estatal,Autonomo,0.7417,0.65,0.8333,0.7125,0.9542,0.3,1
Mexico-Luvianos,Mexico,Municipal,Municipio,0.3708,0.1,0.6417,0.6917,0.5917,0,0.2
Mexico-PES,Mexico,Estatal,Partido,0.2937,0.1,0.4875,0.4167,0.5583,0,0.2
Mexico-PMC,Mexico,Estatal,Partido,0.1083,0.1,0.1167,0.2333,0,0,0.2
Mexico-PRI,Mexico,Estatal,Partido,0.2417,0.1,0.3833,0.2667,0.5,0,0.2
Mexico-San Jose del Rincon,Mexico,Municipal,Municipio,0.3996,0.1,0.6992,0.6358,0.7625,0,0.2
Mexico-Secretaria de Agricultura,Mexico,Estatal,Ejecutivo estatal,0.6735,0.6,0.7469,0.5897,0.9042,1,0.2
Mexico-Secretaria de Desarrollo Social,Mexico,Estatal,Ejecutivo estatal,0.4907,0.25,0.7314,0.5711,0.8917,0.3,0.2
Mexico-Secretaria de Educacion,Mexico,Estatal,Ejecutivo estatal,0.5807,0.4,0.7614,0.6103,0.9125,0.6,0.2
Mexico-Secretaria de Gobierno,Mexico,Estatal,Ejecutivo estatal,0.7397,0.7,0.7794,0.5797,0.9792,0.9,0.5
Mexico-Secretaria de Hacienda,Mexico,Estatal,Ejecutivo estatal,0.6234,0.5,0.7468,0.677,0.8167,0,1
Mexico-Secretaria de Salud,Mexico,Estatal,Ejecutivo estatal,0.4696,0.25,0.6892,0.5992,0.7792,0,0.5
Mexico-Secretaria de Seguridad,Mexico,Estatal,Ejecutivo estatal,0.5743,0.583,0.5657,0.5731,0.5583,0.966,0.2
Mexico-Sindicato De Maestros Al Servicio Del Estado De Mexico,Mexico,Estatal,Sindicato,0.2807,0.066,0.4954,0.3367,0.6542,0,0.132
Mexico-Sindicato Unico De Trabajadores De Los Poderes Municipios E Instituciones Descentralizadas,Mexico,Estatal,Sindicato,0.525,0.5,0.55,0.4333,0.6667,0,1
Mexico-Toluca,Mexico,Municipal,Municipio,0.5201,0.283,0.7572,0.6311,0.8833,0.366,0.2
Mexico-Tonanitla,Mexico,Municipal,Municipio,0.5718,0.4667,0.6769,0.5622,0.7917,0,0.9333
Mexico-Tribunal Superior De Justicia,Mexico,Estatal,Judicial,0.4528,0.1,0.8057,0.6864,0.925,0,0.2
Mexico-Universidad Autonoma Del Estado De Mexico,Mexico,Estatal,Universidad,0.6083,0.7167,0.5,0.5458,0.4542,0.5,0.9333
Mexico-Universidad Politecnica De Texcoco,Mexico,Estatal,Universidad,0.354,0.066,0.6421,0.5633,0.7208,0,0.132
Nayarit-Auditoria Estatal,Nayarit,Estatal,Legislativo,0.4542,0.4667,0.4418,0.5253,0.3583,0,0.9333
Nayarit-Bahia de Banderas,Nayarit,Municipal,Municipio,0.4322,0.166,0.6985,0.6428,0.7542,0.2,0.132
Nayarit-Compostela,Nayarit,Municipal,Municipio,0.1382,0.066,0.2104,0.4208,0,0,0.132
Nayarit-Congreso Estatal,Nayarit,Estatal,Legislativo,0.4772,0.216,0.7385,0.6478,0.8292,0.3,0.132
Nayarit-DIF,Nayarit,Estatal,Ejecutivo estatal,0.238,0.033,0.4431,0.3236,0.5625,0,0.066
Nayarit-Fideicomiso De Promocion Turistica Del Estado De Nayarit,Nayarit,Estatal,Fideicomiso,0.3431,0.216,0.4701,0.3153,0.625,0.3,0.132
Nayarit-Fideicomiso Del Fondo De Fomento Agropecuario Del Estado De Nayarit,Nayarit,Estatal,Fideicomiso,0,0,0,0,0,0,0
Nayarit-Gobernador,Nayarit,Estatal,Ejecutivo estatal,0.4063,0.183,0.6297,0.5927,0.6667,0.3,0.066
Nayarit-Instituto Electoral,Nayarit,Estatal,Autonomo,0.4049,0.1,0.7099,0.6947,0.725,0,0.2
Nayarit-La Yesca,Nayarit,Municipal,Municipio,0.6593,0.516,0.8025,0.7842,0.8208,0.9,0.132
Nayarit-PES,Nayarit,Estatal,Partido,0.0497,0.066,0.0333,0.0667,0,0,0.132
Nayarit-PMC,Nayarit,Estatal,Partido,0.0758,0.1,0.0515,0.103,0,0,0.2
Nayarit-PRI,Nayarit,Estatal,Partido,0.0613,0.066,0.0567,0.1133,0,0,0.132
Nayarit-Secretaria de Agricultura,Nayarit,Estatal,Ejecutivo estatal,0.2924,0.066,0.5188,0.4125,0.625,0,0.132
Nayarit-Secretaria de Desarrollo Social,Nayarit,Estatal,Ejecutivo estatal,0.4131,0.366,0.4603,0.5581,0.3625,0.3,0.432
Nayarit-Secretaria de Educacion,Nayarit,Estatal,Ejecutivo estatal,0.4613,0.216,0.7065,0.7422,0.6708,0,0.432
Nayarit-Secretaria de Gobierno,Nayarit,Estatal,Ejecutivo estatal,0.3535,0.216,0.491,0.4194,0.5625,0.3,0.132
Nayarit-Secretaria de Hacienda,Nayarit,Estatal,Ejecutivo estatal,0.4411,0.216,0.6662,0.5908,0.7417,0.3,0.132
Nayarit-Secretaria de Salud,Nayarit,Estatal,Ejecutivo estatal,0.5164,0.399,0.6339,0.6219,0.6458,0.666,0.132
Nayarit-Secretaria de Seguridad,Nayarit,Estatal,Ejecutivo estatal,0.3389,0.066,0.6118,0.4194,0.8042,0,0.132
"Nayarit-Sindicato De Trabajadores Al Servicio De Los Poderes Del Estado, Municipios Y Organismos Descentralizados En Nayarit (S.I.T.E.M.)",Nayarit,Estatal,Sindicato,0.025,0,0.05,0.1,0,0,0
Nayarit-Sindicato De Trabajadores Del Poder Ejecutivo De Nayarit (S.I.T.R.A.P.E.N.),Nayarit,Estatal,Sindicato,0.2425,0.033,0.4521,0.3,0.6042,0,0.066
Nayarit-Tepic,Nayarit,Municipal,Municipio,0.3417,0.066,0.6174,0.4889,0.7458,0,0.132
Nayarit-Tribunal Superior De Justicia,Nayarit,Estatal,Judicial,0.4977,0.366,0.6293,0.6586,0.6,0.3,0.432
Nayarit-Tuxpan,Nayarit,Municipal,Municipio,0.4954,0.283,0.7078,0.5906,0.825,0.5,0.066
Nayarit-Universidad Autonoma De Nayarit,Nayarit,Estatal,Universidad,0.3382,0.5,0.1764,0.3528,0,0,1
Nayarit-Universidad Tecnologica De La Costa,Nayarit,Estatal,Universidad,0.4057,0.216,0.5954,0.52,0.6708,0,0.432
NuevoLeon-Auditoria Estatal,NuevoLeon,Estatal,Legislativo,0.4438,0.399,0.4886,0.5188,0.4583,0.666,0.132
NuevoLeon-Congreso Estatal,NuevoLeon,Estatal,Legislativo,0.191,0.066,0.316,0.3194,0.3125,0,0.132
NuevoLeon-DIF,NuevoLeon,Estatal,Ejecutivo estatal,0.4381,0.1,0.7761,0.6939,0.8583,0,0.2
NuevoLeon-Fideicomiso Fondo De Fomento Agropecuario Del Estado De NuevoLeon,NuevoLeon,Estatal,Fideicomiso,0.4919,0.25,0.7337,0.6133,0.8542,0.3,0.2
NuevoLeon-Fideicomiso Turismo NuevoLeon,NuevoLeon,Estatal,Fideicomiso,0.071,0.033,0.109,0.2181,0,0,0.066
NuevoLeon-Gobernador,NuevoLeon,Estatal,Ejecutivo estatal,0.1813,0.216,0.1465,0.2014,0.0917,0,0.432
NuevoLeon-Instituto Electoral,NuevoLeon,Estatal,Autonomo,0.3634,0.066,0.6607,0.5673,0.7542,0,0.132
NuevoLeon-Monterrey,NuevoLeon,Municipal,Municipio,0.6576,0.549,0.7661,0.6989,0.8333,0.966,0.132
NuevoLeon-PES,NuevoLeon,Estatal,Partido,0.075,0.1,0.05,0.1,0,0,0.2
NuevoLeon-PMC,NuevoLeon,Estatal,Partido,0.1,0.1,0.1,0.2,0,0,0.2
NuevoLeon-PRI,NuevoLeon,Estatal,Partido,0.1,0.1,0.1,0.2,0,0,0.2
NuevoLeon-San Nicolas de los Garza,NuevoLeon,Municipal,Municipio,0.7287,0.7433,0.7142,0.6367,0.7917,0.6,0.8867
NuevoLeon-Santa Catarina,NuevoLeon,Municipal,Municipio,0.5061,0.316,0.6961,0.5506,0.8417,0.2,0.432
NuevoLeon-Secretaria de Agricultura,NuevoLeon,Estatal,Ejecutivo estatal,0.0915,0.033,0.15,0.3,0,0,0.066
NuevoLeon-Secretaria de Desarrollo Social,NuevoLeon,Estatal,Ejecutivo estatal,0.6441,0.549,0.7392,0.6783,0.8,0.666,0.432
NuevoLeon-Secretaria de Educacion,NuevoLeon,Estatal,Ejecutivo estatal,0.5324,0.316,0.7487,0.685,0.8125,0.5,0.132
NuevoLeon-Secretaria de Gobierno,NuevoLeon,Estatal,Ejecutivo estatal,0.4482,0.316,0.5804,0.6817,0.4792,0.5,0.132
NuevoLeon-Secretaria de Hacienda,NuevoLeon,Estatal,Ejecutivo estatal,0.6048,0.5,0.7096,0.5817,0.8375,0,1
NuevoLeon-Secretaria de Salud,NuevoLeon,Estatal,Ejecutivo estatal,0.8817,0.9497,0.8138,0.7817,0.8458,0.966,0.9333
NuevoLeon-Secretaria de Seguridad,NuevoLeon,Estatal,Ejecutivo estatal,0.5342,0.35,0.7183,0.7617,0.675,0.2,0.5
NuevoLeon-Sindicato De Trabajadores De  La Secretaria De Salud De La Seccion # 34 Del Estado De NuevoLeon,NuevoLeon,Estatal,Sindicato,0.3769,0.1,0.6538,0.5242,0.7833,0,0.2
"NuevoLeon-Sindicato unico De Trabajadores Al Servicio Del Municipio De Allende, NuevoLeon",NuevoLeon,Estatal,Sindicato,0.058,0.066,0.05,0.1,0,0,0.132
NuevoLeon-Tribunal Superior De Justicia,NuevoLeon,Estatal,Judicial,0.4417,0.316,0.5675,0.5933,0.5417,0.5,0.132
NuevoLeon-Universidad Autonoma De N.L.,NuevoLeon,Estatal,Universidad,0.3213,0.1,0.5426,0.5853,0.5,0,0.2
NuevoLeon-Universidad Tecnologica Linares,NuevoLeon,Estatal,Universidad,0.5872,0.4667,0.7078,0.5947,0.8208,0,0.9333
NuevoLeon-Vallecillo,NuevoLeon,Municipal,Municipio,0.083,0.066,0.1,0.2,0,0,0.132
NuevoLeon-Villaldama,NuevoLeon,Municipal,Municipio,0.2488,0.066,0.4315,0.5047,0.3583,0,0.132
Oaxaca-Auditoria Estatal,Oaxaca,Estatal,Legislativo,0.4311,0.216,0.6463,0.6883,0.6042,0,0.432
Oaxaca-Congreso Estatal,Oaxaca,Estatal,Legislativo,0.3067,0.25,0.3633,0.4767,0.25,0.3,0.2
Oaxaca-DIF,Oaxaca,Estatal,Ejecutivo estatal,0.3753,0.066,0.6846,0.5983,0.7708,0,0.132
Oaxaca-Fondo Metropolitano De La Ciudad De Oaxaca,Oaxaca,Estatal,Fideicomiso,0.0497,0.066,0.0333,0.0667,0,0,0.132
Oaxaca-Fondo Oaxaca,Oaxaca,Estatal,Fideicomiso,0.0165,0.033,0,0,0,0,0.066
Oaxaca-Gobernador,Oaxaca,Estatal,Ejecutivo estatal,0.4611,0.066,0.8563,0.7333,0.9792,0,0.132
Oaxaca-Instituto Electoral,Oaxaca,Estatal,Autonomo,0.5523,0.399,0.7056,0.6194,0.7917,0.666,0.132
Oaxaca-Instituto TecnologicoSuperior De San Miguel El Grande,Oaxaca,Estatal,Universidad,0.3025,0.433,0.172,0.3439,0,0,0.866
Oaxaca-La Trinidad Vista Hermosa,Oaxaca,Municipal,Municipio,0.025,0,0.05,0.1,0,0,0
Oaxaca-Oaxaca,Oaxaca,Municipal,Municipio,0.519,0.366,0.6719,0.7314,0.6125,0.6,0.132
Oaxaca-PES,Oaxaca,Estatal,Partido,0,0,0,0,0,0,0
Oaxaca-PMC,Oaxaca,Estatal,Partido,0.0917,0.1,0.0833,0.1667,0,0,0.2
Oaxaca-PRI,Oaxaca,Estatal,Partido,0.0753,0.1,0.0507,0.1014,0,0,0.2
Oaxaca-San Juan Bautista Tuxtepec,Oaxaca,Municipal,Municipio,0.3417,0.216,0.4675,0.5725,0.3625,0,0.432
Oaxaca-Santa Cruz Xoxocotlan,Oaxaca,Municipal,Municipio,0.4845,0.366,0.6031,0.5519,0.6542,0.6,0.132
Oaxaca-Secretaria de Agricultura,Oaxaca,Estatal,Ejecutivo estatal,0.5049,0.216,0.7937,0.7583,0.8292,0,0.432
Oaxaca-Secretaria de Desarrollo Social,Oaxaca,Estatal,Ejecutivo estatal,0.5867,0.516,0.6574,0.5564,0.7583,0.6,0.432
Oaxaca-Secretaria de Educacion,Oaxaca,Estatal,Ejecutivo estatal,0.1181,0.066,0.1701,0.3403,0,0,0.132
Oaxaca-Secretaria de Gobierno,Oaxaca,Estatal,Ejecutivo estatal,0.6305,0.516,0.745,0.64,0.85,0.6,0.432
Oaxaca-Secretaria de Hacienda,Oaxaca,Estatal,Ejecutivo estatal,0.4388,0.066,0.8117,0.8983,0.725,0,0.132
Oaxaca-Secretaria de Salud,Oaxaca,Estatal,Ejecutivo estatal,0.5483,0.366,0.7306,0.7403,0.7208,0.6,0.132
Oaxaca-Secretaria de Seguridad,Oaxaca,Estatal,Ejecutivo estatal,0.7374,0.7243,0.7505,0.7342,0.7667,0.6,0.8487
Oaxaca-Sindicato De Trabajadores Al Servicio Del Colegio De Estudios CientificosY TecnologicosDel Estado De Oaxaca.,Oaxaca,Estatal,Sindicato,0.2497,0.466,0.0333,0.0667,0,0,0.932
Oaxaca-Sindicato De Trabajadores De Los Poderes Del Estado E Instituciones Descentralizadas De Caracter Estatal De Oaxaca,Oaxaca,Estatal,Sindicato,0.0332,0.033,0.0333,0.0667,0,0,0.066
Oaxaca-Tlacotepec Plumas,Oaxaca,Municipal,Municipio,0.0415,0.033,0.05,0.1,0,0,0.066
Oaxaca-Tribunal Superior De Justicia,Oaxaca,Estatal,Judicial,0.6691,0.65,0.6881,0.6221,0.7542,0.3,1
Oaxaca-Universidad Autonoma Benito Juarez De Oaxaca,Oaxaca,Estatal,Universidad,0.3297,0.1,0.5594,0.5772,0.5417,0,0.2
PAN,Federal,Federal,Partido,0.5085,0.4,0.6171,0.4967,0.7375,0.6,0.2
PANAL,Federal,Federal,Partido,0.7216,0.7,0.7432,0.5281,0.9583,0.4,1
PES,Federal,Federal,Partido,0.4045,0.1,0.709,0.5681,0.85,0,0.2
PGR,Federal,Federal,Ejecutivo federal,0.8035,0.95,0.6569,0.6472,0.6667,0.9,1
PH,Federal,Federal,Partido,0.0003,0,0.0007,0.0014,0,0,0
PM,Federal,Federal,Partido,0.2512,0.1,0.4024,0.5547,0.25,0,0.2
PMC,Federal,Federal,Partido,0.5056,0.4,0.6111,0.5181,0.7042,0.6,0.2
PRD,Federal,Federal,Partido,0.4844,0.3,0.6689,0.5961,0.7417,0.4,0.2
PRI,Federal,Federal,Partido,0.4758,0.4,0.5515,0.4781,0.625,0.6,0.2
PSD,Federal,Federal,Partido,0,0,0,0,0,0,0
PT,Federal,Federal,Partido,0.5093,0.266,0.7526,0.6094,0.8958,0.4,0.132
PVEM,Federal,Federal,Partido,0.4211,0.183,0.6592,0.5767,0.7417,0.3,0.066
Petroleos Mexicanos (Corporativo),Federal,Federal,Descentralizado,0.5273,0.3325,0.7222,0.7152,0.7292,0.533,0.132
Presidencia,Federal,Federal,Ejecutivo federal,0.5401,0.433,0.6472,0.6694,0.625,0.666,0.2
Puebla-Auditoria Estatal,Puebla,Estatal,Legislativo,0.656,0.549,0.7631,0.5928,0.9333,0.666,0.432
Puebla-Benemerita Universidad Autonoma Del Estado De Puebla,Puebla,Estatal,Universidad,0.4625,0.266,0.659,0.5389,0.7792,0.4,0.132
Puebla-Congreso Estatal,Puebla,Estatal,Legislativo,0.5785,0.399,0.7579,0.5908,0.925,0.666,0.132
Puebla-DIF,Puebla,Estatal,Ejecutivo estatal,0.705,0.799,0.611,0.3886,0.8333,0.666,0.932
Puebla-Fideicomiso Del Fondo De Seguridad Publica,Puebla,Estatal,Fideicomiso,0,0,0,0,0,0,0
Puebla-Fideicomiso Del Paseo De San Francisco,Puebla,Estatal,Fideicomiso,0,0,0,0,0,0,0
Puebla-Gobernador,Puebla,Estatal,Ejecutivo estatal,0.2422,0.033,0.4514,0.3486,0.5542,0,0.066
Puebla-Instituto Electoral,Puebla,Estatal,Autonomo,0.7048,0.605,0.8046,0.6175,0.9917,0.3,0.91
Puebla-PES,Puebla,Estatal,Partido,0.05,0.1,0,0,0,0,0.2
Puebla-PMC,Puebla,Estatal,Partido,0.125,0.25,0,0,0,0,0.5
Puebla-PRI,Puebla,Estatal,Partido,0.033,0.066,0,0,0,0,0.132
Puebla-Puebla,Puebla,Municipal,Municipio,0.7884,0.716,0.8608,0.9008,0.8208,1,0.432
Puebla-Secretaria de Agricultura,Puebla,Estatal,Ejecutivo estatal,0.194,0.066,0.3221,0.24,0.4042,0,0.132
Puebla-Secretaria de Desarrollo Social,Puebla,Estatal,Ejecutivo estatal,0.5134,0.366,0.6608,0.48,0.8417,0.6,0.132
Puebla-Secretaria de Educacion,Puebla,Estatal,Ejecutivo estatal,0.3747,0.066,0.6833,0.5833,0.7833,0,0.132
Puebla-Secretaria de Gobierno,Puebla,Estatal,Ejecutivo estatal,0.5714,0.399,0.7437,0.55,0.9375,0.666,0.132
Puebla-Secretaria de Hacienda,Puebla,Estatal,Ejecutivo estatal,0.5873,0.499,0.6757,0.5306,0.8208,0.566,0.432
Puebla-Secretaria de Salud,Puebla,Estatal,Ejecutivo estatal,0.5302,0.3495,0.7108,0.5633,0.8583,0.633,0.066
Puebla-Secretaria de Seguridad,Puebla,Estatal,Ejecutivo estatal,0.4887,0.299,0.6783,0.5567,0.8,0.466,0.132
Puebla-Sindicato De Cinema Secc 28 Stic,Puebla,Estatal,Sindicato,0,0,0,0,0,0,0
Puebla-Sindicato unico De Trabajadores De Auto Transporte,Puebla,Estatal,Sindicato,0,0,0,0,0,0,0
Puebla-Tribunal Superior De Justicia,Puebla,Estatal,Judicial,0.1132,0.066,0.1604,0.3208,0,0,0.132
Puebla-Universidad Tecnologica De Tecamachalco,Puebla,Estatal,Universidad,0.58,0.549,0.6111,0.5597,0.6625,0.666,0.432
Puebla-Xicotepec,Puebla,Municipal,Municipio,0.1632,0.216,0.1104,0.2208,0,0,0.432
Puebla-Zacatlan,Puebla,Municipal,Municipio,0.3794,0.1,0.6587,0.6175,0.7,0,0.2
Puebla-Zautla,Puebla,Municipal,Municipio,0.258,0.466,0.05,0.1,0,0,0.932
Puebla-Zihuateutla,Puebla,Municipal,Municipio,0.1165,0.183,0.05,0.1,0,0,0.366
Queretaro-Auditoria Estatal,Queretaro,Estatal,Legislativo,0.5488,0.366,0.7317,0.78,0.6833,0.666,0.066
Queretaro-Congreso Estatal,Queretaro,Estatal,Legislativo,0.3104,0.466,0.1549,0.3097,0,0,0.932
Queretaro-DIF,Queretaro,Estatal,Ejecutivo estatal,0.4913,0.4,0.5826,0.3652,0.8,0.6,0.2
Queretaro-Fideicomiso Fondo De Diversificacion Productiva De La Sierra Gorda De Queretaro,Queretaro,Estatal,Fideicomiso,0.0167,0,0.0333,0,0.0667,0,0
Queretaro-Fondo De Capitalizacion E Inversion Del Sector Rural,Queretaro,Estatal,Fideicomiso,0.0372,0,0.0743,0.1486,0,0,0
Queretaro-Gobernador,Queretaro,Estatal,Ejecutivo estatal,0.3148,0.216,0.4136,0.4273,0.4,0,0.432
Queretaro-Instituto Electoral,Queretaro,Estatal,Autonomo,0.6838,0.699,0.6686,0.6372,0.7,0.966,0.432
Queretaro-PES,Queretaro,Estatal,Partido,0.0415,0.033,0.05,0.1,0,0,0.066
Queretaro-PMC,Queretaro,Estatal,Partido,0.0673,0.033,0.1015,0.203,0,0,0.066
Queretaro-PRI,Queretaro,Estatal,Partido,0.15,0.216,0.0841,0.1682,0,0,0.432
Queretaro-Queretaro,Queretaro,Municipal,Municipio,0.3344,0.5,0.1688,0.3375,0,0,1
Queretaro-San Joaquin,Queretaro,Municipal,Municipio,0.1104,0.066,0.1549,0.3097,0,0,0.132
Queretaro-San Juan del Rio,Queretaro,Municipal,Municipio,0.1053,0.066,0.1447,0.2894,0,0,0.132
Queretaro-Secretaria de Agricultura,Queretaro,Estatal,Ejecutivo estatal,0.4655,0.25,0.6811,0.5621,0.8,0,0.5
Queretaro-Secretaria de Desarrollo Social,Queretaro,Estatal,Ejecutivo estatal,0.233,0.1,0.366,0.4194,0.3125,0,0.2
Queretaro-Secretaria de Educacion,Queretaro,Estatal,Ejecutivo estatal,0.5038,0.4667,0.541,0.3694,0.7125,0,0.9333
Queretaro-Secretaria de Gobierno,Queretaro,Estatal,Ejecutivo estatal,0.2896,0.066,0.5132,0.3139,0.7125,0,0.132
Queretaro-Secretaria de Hacienda,Queretaro,Estatal,Ejecutivo estatal,0.4003,0.25,0.5507,0.3639,0.7375,0,0.5
Queretaro-Secretaria de Salud,Queretaro,Estatal,Ejecutivo estatal,0.2906,0.1,0.4812,0.3583,0.6042,0,0.2
Queretaro-Secretaria de Seguridad,Queretaro,Estatal,Ejecutivo estatal,0.4948,0.4667,0.5229,0.3167,0.7292,0,0.9333
Queretaro-Sindicato De Trabajadores Al Servicio De Los Poderes Del Estado,Queretaro,Estatal,Sindicato,0.0663,0.066,0.0667,0.1333,0,0,0.132
Queretaro-Sindicato De Trabajadores Y Empleados De La Universidad Autonoma De Queretaro,Queretaro,Estatal,Sindicato,0.0917,0.1,0.0833,0.1667,0,0,0.2
Queretaro-Tequisquiapan,Queretaro,Municipal,Municipio,0.3014,0.466,0.1368,0.2736,0,0,0.932
Queretaro-Toliman,Queretaro,Municipal,Municipio,0.1097,0.066,0.1535,0.3069,0,0,0.132
Queretaro-Tribunal Superior De Justicia,Queretaro,Estatal,Judicial,0.125,0.1,0.15,0.3,0,0,0.2
Queretaro-Universidad Aeronautica En Queretaro,Queretaro,Estatal,Universidad,0.4854,0.5,0.4708,0.3167,0.625,0,1
Queretaro-Universidad Politecnica De Queretaro,Queretaro,Estatal,Universidad,0.334,0.166,0.5021,0.3167,0.6875,0.2,0.132
Quintana Roo-Auditoria Estatal,Quintana Roo,Estatal,Legislativo,0.4672,0.1,0.8343,0.6769,0.9917,0,0.2
Quintana Roo-Bacalar,Quintana Roo,Municipal,Municipio,0.1021,0.066,0.1382,0.2764,0,0,0.132
Quintana Roo-Benito Juarez,Quintana Roo,Municipal,Municipio,0.555,0.516,0.594,0.5839,0.6042,0.6,0.432
Quintana Roo-Congreso Estatal,Quintana Roo,Estatal,Legislativo,0.6068,0.6323,0.5812,0.6,0.5625,0.466,0.7987
Quintana Roo-DIF,Quintana Roo,Estatal,Ejecutivo estatal,0.4024,0.066,0.7387,0.6067,0.8708,0,0.132
Quintana Roo-Federacion De Sindicatos De Trabajadores Al Servicio Del Gobierno Del Estado / Roberto Leonardo Poot Vazquez,Quintana Roo,Estatal,Sindicato,0.2628,0.216,0.3096,0.39,0.2292,0,0.432
Quintana Roo-Fideicomiso Fondo De Solidaridad,Quintana Roo,Estatal,Fideicomiso,0.058,0.066,0.05,0.1,0,0,0.132
Quintana Roo-Fideicomiso Fondo Verde Quintana Roo,Quintana Roo,Estatal,Fideicomiso,0.1917,0,0.3833,0.4333,0.3333,0,0
Quintana Roo-Gobernador,Quintana Roo,Estatal,Ejecutivo estatal,0.454,0.216,0.6919,0.5797,0.8042,0,0.432
Quintana Roo-Instituto Electoral,Quintana Roo,Estatal,Autonomo,0.4885,0.216,0.761,0.6303,0.8917,0.3,0.132
Quintana Roo-Othon,Quintana Roo,Municipal,Municipio,0.3951,0.1,0.6901,0.5886,0.7917,0,0.2
Quintana Roo-PES,Quintana Roo,Estatal,Partido,0.075,0.1,0.05,0.1,0,0,0.2
Quintana Roo-PMC,Quintana Roo,Estatal,Partido,0.2507,0.45,0.0514,0.1028,0,0,0.9
Quintana Roo-PRI,Quintana Roo,Estatal,Partido,0.167,0.216,0.1181,0.2361,0,0,0.432
Quintana Roo-Secretaria de Agricultura,Quintana Roo,Estatal,Ejecutivo estatal,0.4885,0.316,0.661,0.6386,0.6833,0.2,0.432
Quintana Roo-Secretaria de Desarrollo Social,Quintana Roo,Estatal,Ejecutivo estatal,0.3861,0.166,0.6061,0.5331,0.6792,0.2,0.132
Quintana Roo-Secretaria de Educacion,Quintana Roo,Estatal,Ejecutivo estatal,0.4975,0.25,0.745,0.6858,0.8042,0,0.5
Quintana Roo-Secretaria de Gobierno,Quintana Roo,Estatal,Ejecutivo estatal,0.4968,0.25,0.7436,0.6831,0.8042,0,0.5
Quintana Roo-Secretaria de Hacienda,Quintana Roo,Estatal,Ejecutivo estatal,0.6326,0.4667,0.7985,0.7886,0.8083,0,0.9333
Quintana Roo-Secretaria de Salud,Quintana Roo,Estatal,Ejecutivo estatal,0.4478,0.1,0.7957,0.7831,0.8083,0,0.2
Quintana Roo-Secretaria de Seguridad,Quintana Roo,Estatal,Ejecutivo estatal,0.5806,0.4165,0.7447,0.6853,0.8042,0.633,0.2
Quintana Roo-Sindicato unico De Trabajadores Al Servicio Del Gobierno Del Estado De Q.Roo (S.U.T.A.G.E.) / Roberto Leonardo Poot Vazquez,Quintana Roo,Estatal,Sindicato,0.0415,0.033,0.05,0.1,0,0,0.066
Quintana Roo-Solidaridad,Quintana Roo,Municipal,Municipio,0.4889,0.35,0.6278,0.5847,0.6708,0.5,0.2
Quintana Roo-Tribunal Superior De Justicia,Quintana Roo,Estatal,Judicial,0.4454,0.216,0.6747,0.6411,0.7083,0,0.432
Quintana Roo-Tulum,Quintana Roo,Municipal,Municipio,0.5658,0.366,0.7656,0.6478,0.8833,0.6,0.132
Quintana Roo-Universidad Intercultural Maya De Quintana Roo,Quintana Roo,Estatal,Universidad,0.6313,0.65,0.6125,0.5083,0.7167,0.3,1
Quintana Roo-Universidad Politecnica De Bacalar,Quintana Roo,Estatal,Universidad,0.5692,0.5,0.6385,0.5394,0.7375,0,1
SCJN,Federal,Federal,Judicial,0.6029,0.4,0.8058,0.77,0.8417,0.3,0.5
San Luis Potosi-Auditoria Estatal,San Luis Potosi,Estatal,Legislativo,0.3821,0.066,0.6982,0.5589,0.8375,0,0.132
San Luis Potosi-Congreso Estatal,San Luis Potosi,Estatal,Legislativo,0.7166,0.7327,0.7006,0.7012,0.7,0.6,0.8653
San Luis Potosi-DIF,San Luis Potosi,Estatal,Ejecutivo estatal,0.4468,0.283,0.6107,0.6339,0.5875,0.5,0.066
San Luis Potosi-El Naranjo,San Luis Potosi,Municipal,Municipio,0.1981,0.066,0.3303,0.4606,0.2,0,0.132
San Luis Potosi-Fideicomiso Fondo De Fomento Economico Del Estado De San Luis Potosi,San Luis Potosi,Estatal,Fideicomiso,0.075,0.1,0.05,0.1,0,0,0.2
San Luis Potosi-Fondo Metropolitano De San Luis Potosi,San Luis Potosi,Estatal,Fideicomiso,0,0,0,0,0,0,0
San Luis Potosi-Gobernador,San Luis Potosi,Estatal,Ejecutivo estatal,0.4013,0.066,0.7365,0.6939,0.7792,0,0.132
San Luis Potosi-Instituto Electoral,San Luis Potosi,Estatal,Autonomo,0.4846,0.366,0.6032,0.6272,0.5792,0.3,0.432
San Luis Potosi-Instituto TecnologicoSuperior De Tamazunchale,San Luis Potosi,Estatal,Universidad,0.3132,0.1,0.5264,0.4819,0.5708,0,0.2
San Luis Potosi-Matlapa,San Luis Potosi,Municipal,Municipio,0.1042,0.066,0.1424,0.2847,0,0,0.132
San Luis Potosi-PES,San Luis Potosi,Estatal,Partido,0,0,0,0,0,0,0
San Luis Potosi-PMC,San Luis Potosi,Estatal,Partido,0.1417,0.25,0.0333,0.0667,0,0,0.5
San Luis Potosi-PRI,San Luis Potosi,Estatal,Partido,0.051,0,0.1021,0.2042,0,0,0
San Luis Potosi-San Luis Potosi,San Luis Potosi,Municipal,Municipio,0.4928,0.25,0.7357,0.6256,0.8458,0.3,0.2
San Luis Potosi-Secretaria de Agricultura,San Luis Potosi,Estatal,Ejecutivo estatal,0.6808,0.631,0.7306,0.6444,0.8167,0.4,0.862
San Luis Potosi-Secretaria de Desarrollo Social,San Luis Potosi,Estatal,Ejecutivo estatal,0.7161,0.766,0.6662,0.5575,0.775,0.6,0.932
San Luis Potosi-Secretaria de Educacion,San Luis Potosi,Estatal,Ejecutivo estatal,0.4907,0.316,0.6654,0.5933,0.7375,0.5,0.132
San Luis Potosi-Secretaria de Gobierno,San Luis Potosi,Estatal,Ejecutivo estatal,0.3706,0.066,0.6751,0.5711,0.7792,0,0.132
San Luis Potosi-Secretaria de Hacienda,San Luis Potosi,Estatal,Ejecutivo estatal,0.5773,0.433,0.7215,0.6514,0.7917,0.666,0.2
San Luis Potosi-Secretaria de Salud,San Luis Potosi,Estatal,Ejecutivo estatal,0.4254,0.216,0.6349,0.4947,0.775,0,0.432
San Luis Potosi-Secretaria de Seguridad,San Luis Potosi,Estatal,Ejecutivo estatal,0.6001,0.549,0.6513,0.5858,0.7167,0.966,0.132
San Luis Potosi-Sindicato Estatal Renovado De Trabajadores De Gobierno Del Estado (Sertge),San Luis Potosi,Estatal,Sindicato,0.0415,0.033,0.05,0.1,0,0,0.066
San Luis Potosi-Sindicato de Trabajadores al Servicio del Municipio de S.L.P,San Luis Potosi,Estatal,Sindicato,0.1154,0,0.2308,0.2033,0.2583,0,0
San Luis Potosi-Soledad de Graciano S√°nchez,San Luis Potosi,Municipal,Municipio,0.4506,0.399,0.5022,0.5169,0.4875,0.666,0.132
San Luis Potosi-Tamazunchale,San Luis Potosi,Municipal,Municipio,0.4811,0.333,0.6292,0.5042,0.7542,0.6,0.066
San Luis Potosi-Tribunal Superior De Justicia,San Luis Potosi,Estatal,Judicial,0.3834,0.216,0.5508,0.5517,0.55,0,0.432
San Luis Potosi-Universidad Tecnologica De San Luis Potosi,San Luis Potosi,Estatal,Universidad,0.4659,0.216,0.7158,0.5192,0.9125,0,0.432
Secretaria de Agricultura,Federal,Federal,Ejecutivo federal,0.4881,0.1,0.8763,0.9108,0.8417,0,0.2
Secretaria de Desarrollo Social,Federal,Federal,Ejecutivo federal,0.7236,0.7333,0.7139,0.6778,0.75,0.6,0.8667
Secretaria de Educacion,Federal,Federal,Ejecutivo federal,0.309,0.066,0.5521,0.7208,0.3833,0,0.132
Secretaria de Gobierno,Federal,Federal,Ejecutivo federal,0.5687,0.316,0.8214,0.8261,0.8167,0.5,0.132
Secretaria de Hacienda,Federal,Federal,Ejecutivo federal,0.5111,0.183,0.8392,0.9075,0.7708,0,0.366
Secretaria de Salud,Federal,Federal,Ejecutivo federal,0.5442,0.45,0.6383,0.9017,0.375,0,0.9
Secretaria de Seguridad,Federal,Federal,Ejecutivo federal,0.4488,0.283,0.6146,0.4,0.8292,0.5,0.066
Sinaloa-Auditoria Estatal,Sinaloa,Estatal,Legislativo,0.4817,0.216,0.7474,0.6364,0.8583,0,0.432
Sinaloa-Congreso Estatal,Sinaloa,Estatal,Legislativo,0.6389,0.566,0.7118,0.5611,0.8625,1,0.132
Sinaloa-Culiacan,Sinaloa,Municipal,Municipio,0.7164,0.583,0.8499,0.7081,0.9917,0.966,0.2
Sinaloa-DIF,Sinaloa,Estatal,Ejecutivo estatal,0.6297,0.4,0.8594,0.8147,0.9042,0.6,0.2
Sinaloa-Fideicomiso Puente San Miguel,Sinaloa,Estatal,Fideicomiso,0,0,0,0,0,0,0
Sinaloa-Fideicomisos Del Impuesto Sobre Hospedaje,Sinaloa,Estatal,Fideicomiso,0,0,0,0,0,0,0
Sinaloa-Gobernador,Sinaloa,Estatal,Ejecutivo estatal,0.4703,0.1,0.8407,0.7981,0.8833,0,0.2
Sinaloa-Instituto Electoral,Sinaloa,Estatal,Autonomo,0.4564,0.25,0.6628,0.5006,0.825,0.3,0.2
Sinaloa-Navolato,Sinaloa,Municipal,Municipio,0.5679,0.399,0.7369,0.6112,0.8625,0.666,0.132
Sinaloa-PES,Sinaloa,Estatal,Partido,0.6425,0.65,0.635,0.4533,0.8167,0.3,1
Sinaloa-PMC,Sinaloa,Estatal,Partido,0.1788,0.216,0.1417,0.2833,0,0,0.432
Sinaloa-PRI,Sinaloa,Estatal,Partido,0.0761,0.066,0.0861,0.1722,0,0,0.132
Sinaloa-Rosario,Sinaloa,Municipal,Municipio,0.3045,0.033,0.576,0.5061,0.6458,0,0.066
Sinaloa-San Ignacio,Sinaloa,Municipal,Municipio,0.3766,0.25,0.5032,0.5106,0.4958,0,0.5
Sinaloa-Secretaria de Agricultura,Sinaloa,Estatal,Ejecutivo estatal,0.6413,0.483,0.7996,0.7367,0.8625,0.9,0.066
Sinaloa-Secretaria de Desarrollo Social,Sinaloa,Estatal,Ejecutivo estatal,0.8015,0.766,0.8369,0.7906,0.8833,0.6,0.932
Sinaloa-Secretaria de Educacion,Sinaloa,Estatal,Ejecutivo estatal,0.5772,0.4,0.7543,0.6919,0.8167,0.6,0.2
Sinaloa-Secretaria de Gobierno,Sinaloa,Estatal,Ejecutivo estatal,0.6675,0.566,0.769,0.7631,0.775,1,0.132
Sinaloa-Secretaria de Hacienda,Sinaloa,Estatal,Ejecutivo estatal,0.4719,0.1,0.8439,0.7711,0.9167,0,0.2
Sinaloa-Secretaria de Salud,Sinaloa,Estatal,Ejecutivo estatal,0.5871,0.35,0.8242,0.79,0.8583,0.5,0.2
Sinaloa-Secretaria de Seguridad,Sinaloa,Estatal,Ejecutivo estatal,0.6287,0.4,0.8574,0.7981,0.9167,0.6,0.2
Sinaloa-Sinaloa,Sinaloa,Municipal,Municipio,0.1299,0.066,0.1937,0.3875,0,0,0.132
Sinaloa-Sindicato De Trabajadores Al Servicio Del Estado De Sinaloa,Sinaloa,Estatal,Sindicato,0.075,0.1,0.05,0.1,0,0,0.2
Sinaloa-Sindicato Del Ayuntamiento De Los Trabajadores Al Servicio Del Ayuntamiento De Sinaloa,Sinaloa,Estatal,Sindicato,0.033,0.066,0,0,0,0,0.132
Sinaloa-Tribunal Superior De Justicia,Sinaloa,Estatal,Judicial,0.513,0.25,0.776,0.7853,0.7667,0,0.5
Sinaloa-Universidad Autonoma De Sinaloa,Sinaloa,Estatal,Universidad,0.3199,0.1,0.5399,0.4547,0.625,0,0.2
Sinaloa-Universidad Autonoma Indigena De Mexico,Sinaloa,Estatal,Universidad,0.4793,0.3,0.6586,0.5381,0.7792,0.4,0.2
Sindicato Independiente de Trabajadores del Servicio Postal Mexicano,Federal,Federal,Sindicato,0.034,0,0.0681,0.1361,0,0,0
Sindicato de Investigadores y Profesores de El Colegio de la Frontera Norte,Federal,Federal,Sindicato,0.2313,0,0.4625,0.3,0.625,0,0
Sindicato de Trabajadores del Instituto Mexicano de la Juventud,Federal,Federal,Sindicato,0.4615,0.466,0.4571,0.36,0.5542,0,0.932
Sonora-Auditoria Estatal,Sonora,Estatal,Legislativo,0.7933,0.6667,0.9198,0.873,0.9667,0.4,0.9333
Sonora-Benito Juarez,Sonora,Municipal,Municipio,0.1872,0.216,0.1583,0.3167,0,0,0.432
Sonora-Congreso Estatal,Sonora,Estatal,Legislativo,0.4961,0.216,0.7762,0.7982,0.7542,0.3,0.132
Sonora-DIF,Sonora,Estatal,Ejecutivo estatal,0.2608,0.25,0.2717,0.4808,0.0625,0.3,0.2
Sonora-Fondo De Fomento Agropecuario,Sonora,Estatal,Fideicomiso,0.0613,0.066,0.0567,0.1133,0,0,0.132
Sonora-Fondo Estatal De Solidaridad,Sonora,Estatal,Fideicomiso,0.5602,0.35,0.7704,0.6033,0.9375,0.5,0.2
Sonora-General Plutarco Elias Calles,Sonora,Municipal,Municipio,0.2833,0.4667,0.1,0.2,0,0,0.9333
Sonora-Gobernador,Sonora,Estatal,Ejecutivo estatal,0.5849,0.59,0.5799,0.4514,0.7083,0.3,0.88
Sonora-Hermosillo,Sonora,Municipal,Municipio,0.5311,0.399,0.6632,0.5347,0.7917,0.666,0.132
Sonora-Instituto Electoral,Sonora,Estatal,Autonomo,0.4258,0.366,0.4857,0.5381,0.4333,0.6,0.132
Sonora-Instituto TecnologicoSuperior De Cajeme,Sonora,Estatal,Universidad,0.6735,0.65,0.6971,0.4567,0.9375,0.3,1
Sonora-Instituto TecnologicoSuperior De Cananea,Sonora,Estatal,Universidad,0.4388,0.266,0.6117,0.4567,0.7667,0.4,0.132
Sonora-Navojoa,Sonora,Municipal,Municipio,0.5208,0.5,0.5417,0.3208,0.7625,0,1
Sonora-PES,Sonora,Estatal,Partido,0.3215,0.033,0.61,0.3867,0.8333,0,0.066
Sonora-PMC,Sonora,Estatal,Partido,0.3208,0.2,0.4417,0.2,0.6833,0.2,0.2
Sonora-PRI,Sonora,Estatal,Partido,0.2643,0.066,0.4625,0.3,0.625,0,0.132
Sonora-San Luis Rio Colorado,Sonora,Municipal,Municipio,0.5492,0.516,0.5824,0.4814,0.6833,0.6,0.432
Sonora-Secretaria de Agricultura,Sonora,Estatal,Ejecutivo estatal,0.3231,0.1,0.5462,0.58,0.5125,0,0.2
Sonora-Secretaria de Desarrollo Social,Sonora,Estatal,Ejecutivo estatal,0.829,0.9165,0.7415,0.583,0.9,0.933,0.9
Sonora-Secretaria de Educacion,Sonora,Estatal,Ejecutivo estatal,0.3988,0.1,0.6975,0.57,0.825,0,0.2
Sonora-Secretaria de Gobierno,Sonora,Estatal,Ejecutivo estatal,0.3816,0.1,0.6631,0.5845,0.7417,0,0.2
Sonora-Secretaria de Hacienda,Sonora,Estatal,Ejecutivo estatal,0.5941,0.5,0.6882,0.4056,0.9708,0,1
Sonora-Secretaria de Salud,Sonora,Estatal,Ejecutivo estatal,0.3382,0.5,0.1764,0.3528,0,0,1
Sonora-Secretaria de Seguridad,Sonora,Estatal,Ejecutivo estatal,0.5881,0.4667,0.7094,0.5647,0.8542,0,0.9333
Sonora-Sindicato De Trabajadores Del Cecytes,Sonora,Estatal,Sindicato,0.05,0.1,0,0,0,0,0.2
Sonora-Sindicato unico De Trabajadores Al Servicio De Los Poderes Del Estado,Sonora,Estatal,Sindicato,0.033,0.066,0,0,0,0,0.132
Sonora-Tribunal Superior De Justicia,Sonora,Estatal,Judicial,0.5564,0.4667,0.6462,0.5548,0.7375,0,0.9333
Tabasco-Auditoria Estatal,Tabasco,Estatal,Legislativo,0.4104,0.216,0.6049,0.7389,0.4708,0,0.432
Tabasco-Centro,Tabasco,Municipal,Municipio,0.4657,0.316,0.6154,0.4517,0.7792,0.5,0.132
Tabasco-Congreso Estatal,Tabasco,Estatal,Legislativo,0.6788,0.7667,0.591,0.5028,0.6792,0.6,0.9333
Tabasco-DIF,Tabasco,Estatal,Ejecutivo estatal,0.5983,0.5325,0.6642,0.5867,0.7417,0.933,0.132
Tabasco-Fondo De Seguridad PublicaDel Estado De Tabasco,Tabasco,Estatal,Fideicomiso,0,0,0,0,0,0,0
Tabasco-Fondo Empresarial Tabasco,Tabasco,Estatal,Fideicomiso,0.025,0,0.05,0.1,0,0,0
Tabasco-Gobernador,Tabasco,Estatal,Ejecutivo estatal,0.4328,0.216,0.6496,0.6325,0.6667,0,0.432
Tabasco-Instituto Electoral,Tabasco,Estatal,Autonomo,0.5698,0.4,0.7396,0.7,0.7792,0.3,0.5
Tabasco-Nacajuca,Tabasco,Municipal,Municipio,0.1659,0.066,0.2658,0.5025,0.0292,0,0.132
Tabasco-PES,Tabasco,Estatal,Partido,0.0083,0,0.0167,0.0333,0,0,0
Tabasco-PMC,Tabasco,Estatal,Partido,0.2448,0.133,0.3565,0.4297,0.2833,0.2,0.066
Tabasco-PRI,Tabasco,Estatal,Partido,0.3487,0.066,0.6315,0.4755,0.7875,0,0.132
Tabasco-Paraiåso,Tabasco,Municipal,Municipio,0.4269,0.283,0.5708,0.45,0.6917,0.5,0.066
Tabasco-Secretaria de Agricultura,Tabasco,Estatal,Ejecutivo estatal,0.5767,0.549,0.6044,0.5506,0.6583,0.966,0.132
Tabasco-Secretaria de Desarrollo Social,Tabasco,Estatal,Ejecutivo estatal,0.5613,0.366,0.7565,0.7006,0.8125,0.666,0.066
Tabasco-Secretaria de Educacion,Tabasco,Estatal,Ejecutivo estatal,0.5001,0.299,0.7011,0.6481,0.7542,0.466,0.132
Tabasco-Secretaria de Gobierno,Tabasco,Estatal,Ejecutivo estatal,0.6351,0.549,0.7212,0.5967,0.8458,0.966,0.132
Tabasco-Secretaria de Hacienda,Tabasco,Estatal,Ejecutivo estatal,0.3319,0.066,0.5977,0.5955,0.6,0,0.132
Tabasco-Secretaria de Salud,Tabasco,Estatal,Ejecutivo estatal,0.4176,0.299,0.5361,0.5972,0.475,0.466,0.132
Tabasco-Secretaria de Seguridad,Tabasco,Estatal,Ejecutivo estatal,0.6018,0.549,0.6546,0.5258,0.7833,0.966,0.132
"Tabasco-Sindicato unico De Trabajadores Del Estado ""Sutset""",Tabasco,Estatal,Sindicato,0,0,0,0,0,0,0
"Tabasco-Sindicato unico Independiente De Los Trabajadores Del Instituto De Seguridad Social Del Estado De Tabasco ""Suitisset""",Tabasco,Estatal,Sindicato,0,0,0,0,0,0,0
Tabasco-Teapa,Tabasco,Municipal,Municipio,0.5167,0.3,0.7333,0.6,0.8667,0.6,0
Tabasco-Tenosique,Tabasco,Municipal,Municipio,0.4377,0.316,0.5593,0.5061,0.6125,0.2,0.432
Tabasco-Tribunal Superior De Justicia,Tabasco,Estatal,Judicial,0.5043,0.416,0.5926,0.5186,0.6667,0.4,0.432
Tabasco-Universidad Juarez Autonoma De Tabasco (Ujat),Tabasco,Estatal,Universidad,0.625,0.6667,0.5833,0.5,0.6667,0.4,0.9333
Tabasco-Universidad Popular De La Chontalpa (Upch),Tabasco,Estatal,Universidad,0.8173,0.9497,0.685,0.52,0.85,0.966,0.9333
Tamaulipas-Auditoria Estatal,Tamaulipas,Estatal,Legislativo,0.2951,0.066,0.5242,0.565,0.4833,0,0.132
Tamaulipas-Congreso Estatal,Tamaulipas,Estatal,Legislativo,0.5522,0.366,0.7383,0.7642,0.7125,0.3,0.432
Tamaulipas-DIF,Tamaulipas,Estatal,Ejecutivo estatal,0.3761,0.366,0.3861,0.3972,0.375,0.6,0.132
"Tamaulipas-Fideicomiso Del Instituto Tamaulipeco De Becas, Estimulos Y Creditos Educativos",Tamaulipas,Estatal,Fideicomiso,0.0847,0.066,0.1035,0.2069,0,0,0.132
Tamaulipas-Fondo De Garantia Y Fomento Para Las Actividades Pesqueras,Tamaulipas,Estatal,Fideicomiso,0.05,0,0.1,0.2,0,0,0
Tamaulipas-Gobernador,Tamaulipas,Estatal,Ejecutivo estatal,0.2823,0.066,0.4986,0.6431,0.3542,0,0.132
Tamaulipas-Instituto Electoral,Tamaulipas,Estatal,Autonomo,0.5731,0.366,0.7801,0.7019,0.8583,0.3,0.432
Tamaulipas-Nuevo Laredo,Tamaulipas,Municipal,Municipio,0.5794,0.399,0.7599,0.7322,0.7875,0.666,0.132
Tamaulipas-PES,Tamaulipas,Estatal,Partido,0.1,0.1,0.1,0.2,0,0,0.2
Tamaulipas-PMC,Tamaulipas,Estatal,Partido,0.1,0.1,0.1,0.2,0,0,0.2
Tamaulipas-PRI,Tamaulipas,Estatal,Partido,0.0927,0.1,0.0854,0.1708,0,0,0.2
Tamaulipas-Secretaria de Agricultura,Tamaulipas,Estatal,Ejecutivo estatal,0.5198,0.349,0.6906,0.6353,0.7458,0.566,0.132
Tamaulipas-Secretaria de Desarrollo Social,Tamaulipas,Estatal,Ejecutivo estatal,0.5372,0.366,0.7083,0.6083,0.8083,0.6,0.132
Tamaulipas-Secretaria de Educacion,Tamaulipas,Estatal,Ejecutivo estatal,0.324,0.066,0.5819,0.4139,0.75,0,0.132
Tamaulipas-Secretaria de Gobierno,Tamaulipas,Estatal,Ejecutivo estatal,0.3195,0.216,0.4229,0.75,0.0958,0.3,0.132
Tamaulipas-Secretaria de Hacienda,Tamaulipas,Estatal,Ejecutivo estatal,0.4142,0.066,0.7625,0.575,0.95,0,0.132
Tamaulipas-Secretaria de Salud,Tamaulipas,Estatal,Ejecutivo estatal,0.4538,0.216,0.6917,0.6458,0.7375,0.3,0.132
Tamaulipas-Secretaria de Seguridad,Tamaulipas,Estatal,Ejecutivo estatal,0.7446,0.949,0.5403,0.3639,0.7167,0.966,0.932
Tamaulipas-Sindicato De Trabajadores De La Secretaria De Salud,Tamaulipas,Estatal,Sindicato,0,0,0,0,0,0,0
Tamaulipas-Sindicato Unico De Trabajadores De La Universidad Autonoma De Tamaulipas,Tamaulipas,Estatal,Sindicato,0.0747,0.066,0.0833,0.1667,0,0,0.132
Tamaulipas-Tampico,Tamaulipas,Municipal,Municipio,0.7415,0.699,0.784,0.7722,0.7958,0.966,0.432
Tamaulipas-Tribunal Superior De Justicia,Tamaulipas,Estatal,Judicial,0.4115,0.066,0.7571,0.6433,0.8708,0,0.132
Tamaulipas-Universidad Autonoma De Tamaulipas (Uat).,Tamaulipas,Estatal,Universidad,0.1368,0.066,0.2076,0.4153,0,0,0.132
Tamaulipas-Universidad Tecnologica De Matamoros.,Tamaulipas,Estatal,Universidad,0.1677,0.066,0.2694,0.5389,0,0,0.132
Tamaulipas-Victoria,Tamaulipas,Municipal,Municipio,0.6357,0.55,0.7214,0.6428,0.8,0.6,0.5
Tamaulipas-Villagran,Tamaulipas,Municipal,Municipio,0.3573,0.066,0.6486,0.5472,0.75,0,0.132
Tamaulipas-Xicotancatl,Tamaulipas,Municipal,Municipio,0.2212,0.25,0.1924,0.3847,0,0,0.5
Tlaxcala-Congreso Estatal,Tlaxcala,Estatal,Legislativo,0.7095,0.766,0.6529,0.61,0.6958,0.6,0.932
Tlaxcala-DIF,Tlaxcala,Estatal,Ejecutivo estatal,0.2781,0.1,0.4563,0.25,0.6625,0,0.2
Tlaxcala-Federacion De Trabajadores Del Estado De Tlaxcala,Tlaxcala,Estatal,Sindicato,0.108,0.216,0,0,0,0,0.432
Tlaxcala-Fideicomiso Fondo De La Casa De Las Artesan√≠as De Tlaxcala,Tlaxcala,Estatal,Fideicomiso,0.075,0.1,0.05,0.1,0,0,0.2
Tlaxcala-Fondo De Apoyo En Infraestructura Y Productividad,Tlaxcala,Estatal,Fideicomiso,0,0,0,0,0,0,0
Tlaxcala-Gobernador,Tlaxcala,Estatal,Ejecutivo estatal,0.4706,0.216,0.7253,0.5881,0.8625,0.3,0.132
Tlaxcala-Huamantla,Tlaxcala,Municipal,Municipio,0.5126,0.4,0.6251,0.4961,0.7542,0.6,0.2
Tlaxcala-Instituto Electoral,Tlaxcala,Estatal,Autonomo,0.4899,0.466,0.5138,0.5067,0.5208,0,0.932
Tlaxcala-PES,Tlaxcala,Estatal,Partido,0.3623,0.1,0.6246,0.4867,0.7625,0,0.2
Tlaxcala-PMC,Tlaxcala,Estatal,Partido,0.0917,0.1,0.0833,0.1667,0,0,0.2
Tlaxcala-PRI,Tlaxcala,Estatal,Partido,0.0771,0.066,0.0882,0.1764,0,0,0.132
Tlaxcala-San Pablo del Monte,Tlaxcala,Municipal,Municipio,0.0832,0.033,0.1333,0.2667,0,0,0.066
Tlaxcala-Santa Catarina Ayometla,Tlaxcala,Municipal,Municipio,0.3264,0.5,0.1528,0.3056,0,0,1
Tlaxcala-Santa Isabel Xiloxoxtla,Tlaxcala,Municipal,Municipio,0.3901,0.1,0.6801,0.5061,0.8542,0,0.2
Tlaxcala-Secretaria de Agricultura,Tlaxcala,Estatal,Ejecutivo estatal,0.1,0.1,0.1,0.2,0,0,0.2
Tlaxcala-Secretaria de Desarrollo Social,Tlaxcala,Estatal,Ejecutivo estatal,0.0674,0,0.1347,0.2694,0,0,0
Tlaxcala-Secretaria de Educacion,Tlaxcala,Estatal,Ejecutivo estatal,0.4762,0.25,0.7025,0.555,0.85,0,0.5
Tlaxcala-Secretaria de Gobierno,Tlaxcala,Estatal,Ejecutivo estatal,0.4747,0.35,0.5994,0.4947,0.7042,0.5,0.2
Tlaxcala-Secretaria de Hacienda,Tlaxcala,Estatal,Ejecutivo estatal,0.4258,0.15,0.7017,0.5533,0.85,0.3,0
Tlaxcala-Secretaria de Salud,Tlaxcala,Estatal,Ejecutivo estatal,0.4649,0.25,0.6799,0.5556,0.8042,0,0.5
Tlaxcala-Secretaria de Seguridad,Tlaxcala,Estatal,Ejecutivo estatal,0.3106,0,0.6213,0.4633,0.7792,0,0
Tlaxcala-Sindicato De Trabajadores De La Universidad Autonoma De Tlaxcala,Tlaxcala,Estatal,Sindicato,0.0165,0.033,0,0,0,0,0.066
Tlaxcala-Tlaxcala,Tlaxcala,Municipal,Municipio,0.4465,0.25,0.6431,0.5653,0.7208,0.3,0.2
Tlaxcala-Tribunal Superior De Justicia,Tlaxcala,Estatal,Judicial,0.4853,0.25,0.7206,0.5744,0.8667,0.3,0.2
Tlaxcala-Universidad Autonoma De Tlaxcala,Tlaxcala,Estatal,Universidad,0.128,0.033,0.2231,0.4461,0,0,0.066
Tlaxcala-Universidad Tecnologica De Tlaxcala,Tlaxcala,Estatal,Universidad,0.1167,0.1,0.1333,0.2667,0,0,0.2
Tribunal Electoral del Poder Judicial de la Federacion,Federal,Federal,Judicial,0.4008,0.1,0.7017,0.6033,0.8,0,0.2
Tribunal Federal de Justicia Fiscal y Administrativa,Federal,Federal,Judicial,0.3269,0,0.6538,0.5617,0.7458,0,0
Universidad Autonoma Chapingo,Federal,Federal,Universidad,0.4872,0.5,0.4743,0.5736,0.375,0,1
Universidad Autonoma Metropolitana,Federal,Federal,Universidad,0.4708,0.466,0.4757,0.5764,0.375,0,0.932
Universidad Nacional Autonoma De Mexico,Federal,Federal,Universidad,0.2715,0.066,0.4771,0.3292,0.625,0,0.132
Veracruz-Auditoria Estatal,Veracruz,Estatal,Legislativo,0.561,0.366,0.756,0.6953,0.8167,0.6,0.132
Veracruz-Congreso Estatal,Veracruz,Estatal,Legislativo,0.5788,0.9027,0.2549,0.5097,0,1,0.8053
Veracruz-DIF,Veracruz,Estatal,Ejecutivo estatal,0.6235,0.6,0.6469,0.6564,0.6375,1,0.2
Veracruz-Fideicomiso Fondo De Seguridad PublicaDel Estado De Veracruz,Veracruz,Estatal,Fideicomiso,0.3315,0.3,0.3629,0.33,0.3958,0.6,0
Veracruz-Fideicomiso Publico Del Fondo Ambienta,Veracruz,Estatal,Fideicomiso,0.025,0,0.05,0.1,0,0,0
Veracruz-Gobernador,Veracruz,Estatal,Ejecutivo estatal,0.2888,0.066,0.5116,0.5191,0.5042,0,0.132
Veracruz-Instituto Electoral,Veracruz,Estatal,Autonomo,0.4415,0.25,0.6331,0.4953,0.7708,0.3,0.2
Veracruz-Instituto Tecnologicode Boca del Rio,Veracruz,Estatal,Universidad,0.0917,0.1,0.0833,0.1667,0,0,0.2
Veracruz-PES,Veracruz,Estatal,Partido,0.025,0,0.05,0.1,0,0,0
Veracruz-PMC,Veracruz,Estatal,Partido,0.3688,0.45,0.2875,0.2,0.375,0.7,0.2
Veracruz-PRI,Veracruz,Estatal,Partido,0.3076,0.3993,0.2158,0.3067,0.125,0,0.7987
Veracruz-Secretaria de Agricultura,Veracruz,Estatal,Ejecutivo estatal,0.3842,0.1,0.6685,0.6744,0.6625,0,0.2
Veracruz-Secretaria de Desarrollo Social,Veracruz,Estatal,Ejecutivo estatal,0.5792,0.516,0.6423,0.5721,0.7125,0.6,0.432
Veracruz-Secretaria de Educacion,Veracruz,Estatal,Ejecutivo estatal,0.2809,0.1,0.4618,0.4611,0.4625,0,0.2
Veracruz-Secretaria de Gobierno,Veracruz,Estatal,Ejecutivo estatal,0.4347,0.366,0.5035,0.4444,0.5625,0.6,0.132
Veracruz-Secretaria de Hacienda,Veracruz,Estatal,Ejecutivo estatal,0.6674,0.766,0.5689,0.5878,0.55,0.6,0.932
Veracruz-Secretaria de Salud,Veracruz,Estatal,Ejecutivo estatal,0.4969,0.366,0.6278,0.4639,0.7917,0.6,0.132
Veracruz-Secretaria de Seguridad,Veracruz,Estatal,Ejecutivo estatal,0.6309,0.516,0.7458,0.7624,0.7292,0.6,0.432
Veracruz-Sindicato De Trabajadores De La Fiscalia General Del Estado De Veracruz,Veracruz,Estatal,Sindicato,0.1452,0.033,0.2575,0.29,0.225,0,0.066
Veracruz-Sindicato Estatal De Trabajadores De Servicios De Salud De Veracruz,Veracruz,Estatal,Sindicato,0.3167,0.5,0.1333,0.2667,0,0,1
Veracruz-Tatahuicapan de Juarez,Veracruz,Municipal,Municipio,0.3321,0.033,0.6313,0.4667,0.7958,0,0.066
Veracruz-Tribunal Superior De Justicia,Veracruz,Estatal,Judicial,0.3797,0.1,0.6594,0.5231,0.7958,0,0.2
Veracruz-Tuxpan,Veracruz,Municipal,Municipio,0.6143,0.55,0.6786,0.5114,0.8458,0.6,0.5
Veracruz-Universidad Veracruzana,Veracruz,Estatal,Universidad,0.5664,0.466,0.6668,0.5794,0.7542,0,0.932
Veracruz-Veracruz,Veracruz,Municipal,Municipio,0.7262,0.8,0.6525,0.6217,0.6833,0.6,1
Veracruz-Xalapa,Veracruz,Municipal,Municipio,0.2968,0.066,0.5276,0.6344,0.4208,0,0.132
Veracruz-Zozocolco de Hidalgo,Veracruz,Municipal,Municipio,0.4538,0.333,0.5746,0.3867,0.7625,0.6,0.066
Yucatan-Auditoria Estatal,Yucatan,Estatal,Legislativo,0.5221,0.25,0.7942,0.6383,0.95,0.3,0.2
Yucatan-Congreso Estatal,Yucatan,Estatal,Legislativo,0.5356,0.4,0.6711,0.5131,0.8292,0.3,0.5
Yucatan-DIF,Yucatan,Estatal,Ejecutivo estatal,0.4114,0.1,0.7229,0.4958,0.95,0,0.2
Yucatan-Federacion Revolucionaria De Obreros Y Campesinos Del Estado De Yucatan,Yucatan,Estatal,Sindicato,0.033,0.066,0,0,0,0,0.132
Yucatan-Fideicomiso Fondo Regional Para La Cultura Y Las Artes De La Zona Sur,Yucatan,Estatal,Fideicomiso,0,0,0,0,0,0,0
Yucatan-Fideicomiso Para La Promocion Y Fomento Al Desarrollo Turistico Y Economico Del Estado De Yucatan,Yucatan,Estatal,Fideicomiso,0.0014,0,0.0028,0.0056,0,0,0
Yucatan-Gobernador,Yucatan,Estatal,Ejecutivo estatal,0.3347,0.066,0.6033,0.64,0.5667,0,0.132
Yucatan-Instituto Electoral,Yucatan,Estatal,Autonomo,0.6481,0.65,0.6461,0.5797,0.7125,0.3,1
Yucatan-Instituto TecnologicoSuperior De Motul,Yucatan,Estatal,Universidad,0.3908,0.1,0.6815,0.5631,0.8,0,0.2
Yucatan-Merida,Yucatan,Municipal,Municipio,0.6167,0.433,0.8004,0.6342,0.9667,0.666,0.2
Yucatan-PES,Yucatan,Estatal,Partido,0.1351,0,0.2701,0.1069,0.4333,0,0
Yucatan-PMC,Yucatan,Estatal,Partido,0.4032,0.1,0.7064,0.4794,0.9333,0,0.2
Yucatan-PRI,Yucatan,Estatal,Partido,0.4619,0.25,0.6737,0.4683,0.8792,0,0.5
Yucatan-Secretaria de Agricultura,Yucatan,Estatal,Ejecutivo estatal,0.504,0.25,0.7579,0.5533,0.9625,0,0.5
Yucatan-Secretaria de Desarrollo Social,Yucatan,Estatal,Ejecutivo estatal,0.5031,0.25,0.7563,0.575,0.9375,0,0.5
Yucatan-Secretaria de Educacion,Yucatan,Estatal,Ejecutivo estatal,0.5507,0.316,0.7854,0.5917,0.9792,0.5,0.132
Yucatan-Secretaria de Gobierno,Yucatan,Estatal,Ejecutivo estatal,0.3949,0.216,0.5738,0.5683,0.5792,0,0.432
Yucatan-Secretaria de Hacienda,Yucatan,Estatal,Ejecutivo estatal,0.6531,0.55,0.7563,0.575,0.9375,0.6,0.5
Yucatan-Secretaria de Salud,Yucatan,Estatal,Ejecutivo estatal,0.4867,0.25,0.7233,0.7717,0.675,0,0.5
Yucatan-Secretaria de Seguridad,Yucatan,Estatal,Ejecutivo estatal,0.4793,0.366,0.5925,0.6017,0.5833,0.6,0.132
Yucatan-Sindicato Nacional De Trabajadores De La Secretaria De Salubridad Publica,Yucatan,Estatal,Sindicato,0,0,0,0,0,0,0
Yucatan-Tiziman,Yucatan,Municipal,Municipio,0.3913,0.1,0.6825,0.5483,0.8167,0,0.2
Yucatan-Tribunal Superior De Justicia,Yucatan,Estatal,Judicial,0.411,0.1,0.7221,0.6025,0.8417,0,0.2
Yucatan-Universidad Autonoma De Yucatan,Yucatan,Estatal,Universidad,0.4817,0.283,0.6804,0.5858,0.775,0.566,0
Yucatan-Valladolid,Yucatan,Municipal,Municipio,0.4724,0.216,0.7287,0.4825,0.975,0.3,0.132
Yucatan-Yaxkukul,Yucatan,Municipal,Municipio,0.058,0.066,0.05,0.1,0,0,0.132
Yucatan-Yobain,Yucatan,Municipal,Municipio,0.2688,0.4327,0.1049,0.2097,0,0,0.8653
Zacatecas-Auditoria Estatal,Zacatecas,Estatal,Legislativo,0.3509,0.1,0.6018,0.5828,0.6208,0,0.2
Zacatecas-Congreso Estatal,Zacatecas,Estatal,Legislativo,0.1219,0.1,0.1437,0.2875,0,0,0.2
Zacatecas-DIF,Zacatecas,Estatal,Ejecutivo estatal,0.5507,0.366,0.7354,0.5792,0.8917,0.6,0.132
Zacatecas-Fideicomiso Fondo Metropolitano Zacatecas,Zacatecas,Estatal,Fideicomiso,0.3458,0,0.6917,0.4,0.9833,0,0
"Zacatecas-Fideicomiso Publico Para La Administracion, Operacion Y Mantenimiento Del Parque De Ciencia Y Tecnologia En Zacatecas",Zacatecas,Estatal,Fideicomiso,0.2713,0,0.5425,0.31,0.775,0,0
Zacatecas-Gobernador,Zacatecas,Estatal,Ejecutivo estatal,0.5315,0.25,0.8131,0.7136,0.9125,0,0.5
Zacatecas-Guadalupe,Zacatecas,Municipal,Municipio,0.5649,0.5,0.6297,0.4928,0.7667,0,1
Zacatecas-Instituto Electoral,Zacatecas,Estatal,Autonomo,0.5213,0.25,0.7926,0.6894,0.8958,0.3,0.2
Zacatecas-PES,Zacatecas,Estatal,Partido,0.075,0.1,0.05,0.1,0,0,0.2
Zacatecas-PMC,Zacatecas,Estatal,Partido,0.4842,0.4,0.5683,0.4533,0.6833,0.6,0.2
Zacatecas-PRI,Zacatecas,Estatal,Partido,0.1663,0.1,0.2326,0.2069,0.2583,0,0.2
Zacatecas-Pinos,Zacatecas,Municipal,Municipio,0.283,0.466,0.1,0.2,0,0,0.932
Zacatecas-Santa Mariåa de la Paz,Zacatecas,Municipal,Municipio,0.7796,0.833,0.7262,0.5733,0.8792,0.666,1
Zacatecas-Secretaria de Agricultura,Zacatecas,Estatal,Ejecutivo estatal,0.6281,0.7,0.5562,0.4083,0.7042,0.5,0.9
Zacatecas-Secretaria de Desarrollo Social,Zacatecas,Estatal,Ejecutivo estatal,0.7648,0.755,0.7746,0.5783,0.9708,0.6,0.91
Zacatecas-Secretaria de Educacion,Zacatecas,Estatal,Ejecutivo estatal,0.4816,0.1,0.8632,0.7972,0.9292,0,0.2
Zacatecas-Secretaria de Gobierno,Zacatecas,Estatal,Ejecutivo estatal,0.8031,0.75,0.8562,0.7167,0.9958,0.5,1
Zacatecas-Secretaria de Hacienda,Zacatecas,Estatal,Ejecutivo estatal,0.4851,0.1,0.8701,0.8111,0.9292,0,0.2
Zacatecas-Secretaria de Salud,Zacatecas,Estatal,Ejecutivo estatal,0.7469,0.7333,0.7604,0.7458,0.775,0.6,0.8667
Zacatecas-Secretaria de Seguridad,Zacatecas,Estatal,Ejecutivo estatal,0.4108,0.1,0.7215,0.5097,0.9333,0,0.2
Zacatecas-Sindicato De Trabajadores De Telesecundarias En El Estado De Zacatecas,Zacatecas,Estatal,Sindicato,0.158,0.216,0.1,0.2,0,0,0.432
Zacatecas-Sindicato Del Personal Academico De La Universidad Autonoma De Zacatecas,Zacatecas,Estatal,Sindicato,0.108,0.066,0.15,0.3,0,0,0.132
Zacatecas-Trancoso,Zacatecas,Municipal,Municipio,0.1045,0.066,0.1431,0.2861,0,0,0.132
Zacatecas-Tribunal Superior De Justicia,Zacatecas,Estatal,Judicial,0.5055,0.25,0.761,0.6094,0.9125,0,0.5
Zacatecas-Universidad Autonoma De Zacatecas,Zacatecas,Estatal,Universidad,0.3296,0.1,0.5592,0.5183,0.6,0,0.2
Zacatecas-Universidad Politecnica De Zacatecas,Zacatecas,Estatal,Universidad,0.5683,0.5,0.6367,0.5067,0.7667,0,1
Zacatecas-Zacatecas,Zacatecas,Municipal,Municipio,0.5247,0.4,0.6493,0.5236,0.775,0.6,0.2